1	3/6/08	14.2	19.99	14.01	17.66	36042684	14.2	002221	东华能源	SZ
2	3/7/08	15.89	16.83	15.89	16.1	18382320	15.89	002221	东华能源	SZ
3	3/10/08	15.65	15.85	14.49	14.49	11028814	15.65	002221	东华能源	SZ
4	3/11/08	14.1	15.4	14.09	15.18	6915834	14.1	002221	东华能源	SZ
5	3/12/08	15.4	15.5	14.46	14.49	5060806	15.4	002221	东华能源	SZ
6	3/13/08	14.25	15.94	14.12	15.94	15365729	14.25	002221	东华能源	SZ
7	3/14/08	15.71	16.75	15.61	15.93	12805864	15.71	002221	东华能源	SZ
8	3/17/08	15.9	15.9	14.34	14.76	7396932	15.9	002221	东华能源	SZ
9	3/18/08	15.0	16.24	14.76	16.24	16318734	15.0	002221	东华能源	SZ
10	3/19/08	16.8	17.86	16.36	17.4	19739675	16.8	002221	东华能源	SZ
11	3/20/08	16.8	19.0	15.68	18.3	12036593	16.8	002221	东华能源	SZ
12	3/21/08	17.85	19.09	17.66	17.67	9843663	17.85	002221	东华能源	SZ
13	3/24/08	17.55	19.44	17.4	19.44	13233103	17.55	002221	东华能源	SZ
14	3/25/08	18.88	19.79	18.1	19.06	9761040	18.88	002221	东华能源	SZ
15	3/26/08	18.78	19.39	17.87	18.0	7820748	18.78	002221	东华能源	SZ
16	3/27/08	17.53	17.8	16.2	16.2	8219246	17.53	002221	东华能源	SZ
17	3/28/08	15.45	16.9	14.68	16.56	8243185	15.45	002221	东华能源	SZ
18	3/31/08	15.65	16.0	15.0	15.3	5662470	15.65	002221	东华能源	SZ
19	4/1/08	15.01	15.45	13.77	13.85	6445813	15.01	002221	东华能源	SZ
20	4/2/08	14.0	14.3	12.47	12.47	6166654	14.0	002221	东华能源	SZ
21	4/3/08	11.99	13.16	11.51	12.87	4979386	11.99	002221	东华能源	SZ
22	4/7/08	12.35	14.0	12.08	13.73	5317028	12.35	002221	东华能源	SZ
23	4/8/08	13.6	14.1	13.25	13.65	4994014	13.6	002221	东华能源	SZ
24	4/9/08	13.3	13.58	12.29	12.29	5410637	13.3	002221	东华能源	SZ
25	4/10/08	11.89	12.74	11.5	12.68	3977744	11.89	002221	东华能源	SZ
26	4/11/08	12.7	13.94	12.51	13.31	5330637	12.7	002221	东华能源	SZ
27	4/14/08	13.07	13.07	12.1	12.26	3125119	13.07	002221	东华能源	SZ
28	4/15/08	12.1	13.29	12.1	13.25	3774801	12.1	002221	东华能源	SZ
29	4/16/08	13.18	13.79	12.9	13.01	4865036	13.18	002221	东华能源	SZ
30	4/17/08	12.79	13.46	12.5	12.99	2881723	12.79	002221	东华能源	SZ
31	4/18/08	12.5	12.55	11.69	11.69	4435385	12.5	002221	东华能源	SZ
32	4/21/08	12.6	12.6	10.7	10.97	4135283	12.6	002221	东华能源	SZ
33	4/22/08	10.88	10.88	9.87	10.8	4051458	10.88	002221	东华能源	SZ
34	4/23/08	10.3	11.3	9.9	11.02	4603257	10.3	002221	东华能源	SZ
35	4/24/08	11.85	12.12	11.37	12.12	7459931	11.85	002221	东华能源	SZ
36	4/25/08	12.1	12.74	11.5	12.03	6742888	12.1	002221	东华能源	SZ
37	4/28/08	11.87	11.9	11.35	11.55	3514022	11.87	002221	东华能源	SZ
38	4/29/08	11.55	11.55	11.55	11.55	0	11.55	002221	东华能源	SZ
39	4/30/08	11.61	12.1	11.61	11.93	3627257	11.61	002221	东华能源	SZ
40	5/5/08	11.94	12.49	11.59	12.3	4890188	11.94	002221	东华能源	SZ
41	5/6/08	12.17	12.98	11.9	12.53	6035175	12.17	002221	东华能源	SZ
42	5/7/08	12.52	12.96	11.99	12.0	4033230	12.52	002221	东华能源	SZ
43	5/8/08	11.72	12.25	11.41	12.21	3339847	11.72	002221	东华能源	SZ
44	5/9/08	12.3	12.77	11.88	12.06	3034380	12.3	002221	东华能源	SZ
45	5/12/08	11.89	12.22	11.5	11.9	2752937	11.89	002221	东华能源	SZ
46	5/13/08	11.5	11.62	11.11	11.5	3364200	11.5	002221	东华能源	SZ
47	5/14/08	11.43	11.88	11.23	11.74	2644978	11.43	002221	东华能源	SZ
48	5/15/08	11.78	12.35	11.78	11.92	3680439	11.78	002221	东华能源	SZ
49	5/16/08	11.86	12.65	11.8	12.62	4269202	11.86	002221	东华能源	SZ
50	5/19/08	12.45	13.87	12.4	13.5	10631844	12.45	002221	东华能源	SZ
51	5/20/08	13.51	13.69	12.15	12.4	6491214	13.51	002221	东华能源	SZ
52	5/21/08	12.03	13.3	11.21	12.99	5687204	12.03	002221	东华能源	SZ
53	5/22/08	12.75	14.0	12.3	13.6	9551963	12.75	002221	东华能源	SZ
54	5/23/08	13.38	13.79	13.06	13.08	4841064	13.38	002221	东华能源	SZ
55	5/26/08	12.8	12.91	11.8	11.82	3756777	12.8	002221	东华能源	SZ
56	5/27/08	11.7	12.1	11.55	11.99	2021007	11.7	002221	东华能源	SZ
57	5/28/08	12.03	12.45	11.8	12.28	1982717	12.03	002221	东华能源	SZ
58	5/29/08	12.18	12.59	11.92	12.06	2789128	12.18	002221	东华能源	SZ
59	5/30/08	11.85	12.3	11.81	11.89	1985285	11.85	002221	东华能源	SZ
60	6/2/08	11.86	11.97	11.6	11.9	1891448	11.86	002221	东华能源	SZ
61	6/3/08	11.94	11.94	11.23	11.28	2986815	11.94	002221	东华能源	SZ
62	6/4/08	11.24	11.24	10.55	10.64	2337220	11.24	002221	东华能源	SZ
63	6/5/08	10.51	10.95	10.5	10.84	1368042	10.51	002221	东华能源	SZ
64	6/6/08	10.45	11.1	10.1	10.4	6113854	10.45	002221	东华能源	SZ
65	6/10/08	9.88	10.26	9.36	9.36	3437491	9.88	002221	东华能源	SZ
66	6/11/08	9.36	9.36	9.36	9.36	0	9.36	002221	东华能源	SZ
67	6/12/08	9.07	9.26	8.7	8.95	3472871	9.07	002221	东华能源	SZ
68	6/13/08	9.06	9.15	8.3	8.33	2245621	9.06	002221	东华能源	SZ
69	6/16/08	8.12	8.85	7.98	8.78	3545283	8.12	002221	东华能源	SZ
70	6/17/08	8.65	8.84	8.1	8.1	2827098	8.65	002221	东华能源	SZ
71	6/18/08	7.9	8.67	7.5	8.56	4563529	7.9	002221	东华能源	SZ
72	6/19/08	8.35	8.43	7.7	7.7	2941173	8.35	002221	东华能源	SZ
73	6/20/08	8.02	8.45	7.65	8.01	4064802	8.02	002221	东华能源	SZ
74	6/23/08	7.8	8.15	7.21	7.31	2625368	7.8	002221	东华能源	SZ
75	6/24/08	7.31	7.48	6.95	7.37	2653962	7.31	002221	东华能源	SZ
76	6/25/08	7.35	7.96	7.25	7.85	3206473	7.35	002221	东华能源	SZ
77	6/26/08	7.85	8.3	7.73	8.15	4127391	7.85	002221	东华能源	SZ
78	6/27/08	7.83	7.9	7.34	7.34	3159960	7.83	002221	东华能源	SZ
79	6/30/08	7.3	7.53	7.1	7.38	1242186	7.3	002221	东华能源	SZ
80	7/1/08	7.22	7.3	6.85	6.99	1726220	7.22	002221	东华能源	SZ
81	7/2/08	6.95	7.56	6.95	7.4	1759110	6.95	002221	东华能源	SZ
82	7/3/08	7.31	8.14	7.15	7.9	4128032	7.31	002221	东华能源	SZ
83	7/4/08	7.91	8.05	7.6	7.68	2182871	7.91	002221	东华能源	SZ
84	7/7/08	7.71	8.04	7.71	7.96	3676656	7.71	002221	东华能源	SZ
85	7/8/08	7.97	8.25	7.87	8.13	3386237	7.97	002221	东华能源	SZ
86	7/9/08	8.13	8.49	8.03	8.39	4543336	8.13	002221	东华能源	SZ
87	7/10/08	8.18	8.48	8.06	8.06	3275721	8.18	002221	东华能源	SZ
88	7/11/08	7.95	8.13	7.75	7.88	1880363	7.95	002221	东华能源	SZ
89	7/14/08	7.87	8.07	7.81	8.04	1613398	7.87	002221	东华能源	SZ
90	7/15/08	8.05	8.18	7.61	7.65	2027566	8.05	002221	东华能源	SZ
91	7/16/08	7.52	7.91	7.15	7.33	2043833	7.52	002221	东华能源	SZ
92	7/17/08	7.46	7.55	7.0	7.08	1835248	7.46	002221	东华能源	SZ
93	7/18/08	7.19	7.39	6.95	7.32	1822996	7.19	002221	东华能源	SZ
94	7/21/08	7.35	7.65	7.22	7.62	1954661	7.35	002221	东华能源	SZ
95	7/22/08	7.65	7.75	7.51	7.63	1462929	7.65	002221	东华能源	SZ
96	7/23/08	7.67	7.98	7.65	7.71	2748930	7.67	002221	东华能源	SZ
97	7/24/08	7.76	7.98	7.69	7.91	2313654	7.76	002221	东华能源	SZ
98	7/25/08	7.82	7.86	7.67	7.76	1663542	7.82	002221	东华能源	SZ
99	7/28/08	7.78	8.3	7.78	8.18	3357801	7.78	002221	东华能源	SZ
100	7/29/08	8.06	8.14	7.83	7.95	2539500	8.06	002221	东华能源	SZ
101	7/30/08	8.06	8.24	7.92	8.03	2629183	8.06	002221	东华能源	SZ
102	7/31/08	8.17	8.17	7.41	7.48	1937805	8.17	002221	东华能源	SZ
103	8/1/08	7.39	7.6	7.19	7.46	1825365	7.39	002221	东华能源	SZ
104	8/4/08	7.42	7.46	7.2	7.22	1131464	7.42	002221	东华能源	SZ
105	8/5/08	7.2	7.37	7.05	7.08	1401618	7.2	002221	东华能源	SZ
106	8/6/08	7.27	7.27	7.01	7.16	933289	7.27	002221	东华能源	SZ
107	8/7/08	7.11	7.25	7.08	7.25	900671	7.11	002221	东华能源	SZ
108	8/8/08	7.25	7.34	6.55	6.56	1847784	7.25	002221	东华能源	SZ
109	8/11/08	6.55	6.58	5.9	5.9	1719579	6.55	002221	东华能源	SZ
110	8/12/08	5.86	5.88	5.58	5.68	1496931	5.86	002221	东华能源	SZ
111	8/13/08	5.65	5.76	5.38	5.64	1079499	5.65	002221	东华能源	SZ
112	8/14/08	5.58	5.76	5.5	5.68	808523	5.58	002221	东华能源	SZ
113	8/15/08	5.68	5.85	5.52	5.69	958896	5.68	002221	东华能源	SZ
114	8/18/08	5.62	5.7	5.12	5.12	1183595	5.62	002221	东华能源	SZ
115	8/19/08	5.05	5.28	5.05	5.23	871897	5.05	002221	东华能源	SZ
116	8/20/08	5.11	5.74	5.0	5.68	1982245	5.11	002221	东华能源	SZ
117	8/21/08	5.6	5.72	5.31	5.37	1294961	5.6	002221	东华能源	SZ
118	8/22/08	5.3	5.5	5.19	5.35	844249	5.3	002221	东华能源	SZ
119	8/25/08	5.35	5.65	5.27	5.45	1130252	5.35	002221	东华能源	SZ
120	8/26/08	5.3	5.38	5.01	5.05	1076510	5.3	002221	东华能源	SZ
121	8/27/08	5.04	5.21	4.83	5.02	1029006	5.04	002221	东华能源	SZ
122	8/28/08	5.02	5.12	4.98	5.05	524645	5.02	002221	东华能源	SZ
123	8/29/08	5.15	5.28	5.03	5.2	1004990	5.15	002221	东华能源	SZ
124	9/1/08	5.18	5.5	5.11	5.45	2725971	5.18	002221	东华能源	SZ
125	9/2/08	5.35	5.44	5.14	5.35	1671356	5.35	002221	东华能源	SZ
126	9/3/08	5.38	5.43	5.14	5.26	1082219	5.38	002221	东华能源	SZ
127	9/4/08	5.21	5.38	5.17	5.32	868392	5.21	002221	东华能源	SZ
128	9/5/08	5.1	5.2	5.0	5.0	1032601	5.1	002221	东华能源	SZ
129	9/8/08	5.0	5.04	4.52	4.6	1259053	5.0	002221	东华能源	SZ
130	9/9/08	4.58	4.77	4.5	4.66	534839	4.58	002221	东华能源	SZ
131	9/10/08	4.7	4.85	4.57	4.73	949209	4.7	002221	东华能源	SZ
132	9/11/08	4.76	4.8	4.55	4.65	650764	4.76	002221	东华能源	SZ
133	9/12/08	4.69	4.76	4.62	4.68	466386	4.69	002221	东华能源	SZ
134	9/16/08	4.79	4.79	4.5	4.55	723327	4.79	002221	东华能源	SZ
135	9/17/08	4.55	4.62	4.4	4.5	599429	4.55	002221	东华能源	SZ
136	9/18/08	4.34	4.48	4.06	4.29	1029044	4.34	002221	东华能源	SZ
137	9/19/08	4.68	4.72	4.55	4.72	1589308	4.68	002221	东华能源	SZ
138	9/22/08	5.06	5.18	4.72	4.92	3176206	5.06	002221	东华能源	SZ
139	9/23/08	4.75	4.77	4.5	4.51	1224404	4.75	002221	东华能源	SZ
140	9/24/08	4.42	4.57	4.38	4.57	818007	4.42	002221	东华能源	SZ
141	9/25/08	4.57	4.83	4.54	4.82	2065975	4.57	002221	东华能源	SZ
142	9/26/08	4.83	4.83	4.62	4.73	1190341	4.83	002221	东华能源	SZ
143	10/6/08	4.61	4.61	4.39	4.41	978775	4.61	002221	东华能源	SZ
144	10/7/08	4.29	4.43	4.22	4.41	830479	4.29	002221	东华能源	SZ
145	10/8/08	4.32	4.4	4.25	4.28	592538	4.32	002221	东华能源	SZ
146	10/9/08	4.37	4.37	4.27	4.27	416424	4.37	002221	东华能源	SZ
147	10/10/08	4.18	4.18	3.85	3.85	1045206	4.18	002221	东华能源	SZ
148	10/13/08	3.84	3.93	3.6	3.91	602090	3.84	002221	东华能源	SZ
149	10/14/08	4.02	4.14	3.8	3.81	866100	4.02	002221	东华能源	SZ
150	10/15/08	3.8	3.85	3.62	3.78	393810	3.8	002221	东华能源	SZ
151	10/16/08	3.56	3.65	3.49	3.5	787022	3.56	002221	东华能源	SZ
152	10/17/08	3.5	3.68	3.5	3.61	570710	3.5	002221	东华能源	SZ
153	10/20/08	3.62	3.84	3.58	3.79	798005	3.62	002221	东华能源	SZ
154	10/21/08	3.79	3.9	3.72	3.77	716871	3.79	002221	东华能源	SZ
155	10/22/08	3.71	3.8	3.66	3.66	392679	3.71	002221	东华能源	SZ
156	10/23/08	3.65	3.68	3.52	3.68	507217	3.65	002221	东华能源	SZ
157	10/24/08	3.67	3.76	3.61	3.65	415310	3.67	002221	东华能源	SZ
158	10/27/08	3.6	3.6	3.3	3.32	732253	3.6	002221	东华能源	SZ
159	10/28/08	3.3	3.5	3.22	3.41	593876	3.3	002221	东华能源	SZ
160	10/29/08	3.41	3.54	3.3	3.31	548512	3.41	002221	东华能源	SZ
161	10/30/08	3.3	3.46	3.3	3.44	704045	3.3	002221	东华能源	SZ
162	10/31/08	3.45	3.55	3.4	3.54	1167287	3.45	002221	东华能源	SZ
163	11/3/08	3.53	3.89	3.44	3.87	4763692	3.53	002221	东华能源	SZ
164	11/4/08	3.83	3.85	3.65	3.78	2770039	3.83	002221	东华能源	SZ
165	11/5/08	3.8	3.94	3.7	3.88	3382928	3.8	002221	东华能源	SZ
166	11/6/08	3.75	3.83	3.68	3.69	1463792	3.75	002221	东华能源	SZ
167	11/7/08	3.62	3.8	3.57	3.72	1268783	3.62	002221	东华能源	SZ
168	11/10/08	3.73	4.08	3.73	4.07	3898594	3.73	002221	东华能源	SZ
169	11/11/08	4.05	4.24	3.95	4.07	3764134	4.05	002221	东华能源	SZ
170	11/12/08	4.0	4.18	4.0	4.16	2623282	4.0	002221	东华能源	SZ
171	11/13/08	4.06	4.45	4.06	4.36	3744163	4.06	002221	东华能源	SZ
172	11/14/08	4.38	4.61	4.25	4.58	4490734	4.38	002221	东华能源	SZ
173	11/17/08	4.58	5.02	4.49	5.0	4731529	4.58	002221	东华能源	SZ
174	11/18/08	4.9	5.03	4.5	4.5	3948154	4.9	002221	东华能源	SZ
175	11/19/08	4.45	4.95	4.35	4.95	5431791	4.45	002221	东华能源	SZ
176	11/20/08	4.81	5.14	4.75	4.86	5044073	4.81	002221	东华能源	SZ
177	11/21/08	4.86	4.86	4.86	4.86	0	4.86	002221	东华能源	SZ
178	11/24/08	4.81	4.83	4.41	4.41	2549622	4.81	002221	东华能源	SZ
179	11/25/08	4.5	4.6	4.22	4.34	1880072	4.5	002221	东华能源	SZ
180	11/26/08	4.31	4.49	4.3	4.4	1169190	4.31	002221	东华能源	SZ
181	11/27/08	4.76	4.8	4.44	4.45	2404548	4.76	002221	东华能源	SZ
182	11/28/08	4.36	4.64	4.36	4.62	2436180	4.36	002221	东华能源	SZ
183	12/1/08	4.71	5.0	4.71	5.0	4663172	4.71	002221	东华能源	SZ
184	12/2/08	4.83	5.24	4.81	5.06	5759859	4.83	002221	东华能源	SZ
185	12/3/08	5.08	5.3	5.07	5.25	4850669	5.08	002221	东华能源	SZ
186	12/4/08	5.28	5.55	5.08	5.1	5744798	5.28	002221	东华能源	SZ
187	12/5/08	5.11	5.3	5.08	5.27	3353823	5.11	002221	东华能源	SZ
188	12/8/08	5.79	5.8	5.78	5.8	1739028	5.79	002221	东华能源	SZ
189	12/9/08	6.38	6.38	6.0	6.03	12163428	6.38	002221	东华能源	SZ
190	12/10/08	5.8	6.58	5.66	6.33	8655413	5.8	002221	东华能源	SZ
191	12/11/08	6.22	6.4	5.92	5.92	5020963	6.22	002221	东华能源	SZ
192	12/12/08	5.82	5.89	5.34	5.36	5070553	5.82	002221	东华能源	SZ
193	12/15/08	5.5	5.53	5.25	5.46	3071906	5.5	002221	东华能源	SZ
194	12/16/08	5.4	5.67	5.25	5.6	2656289	5.4	002221	东华能源	SZ
195	12/17/08	5.55	5.75	5.45	5.63	3305967	5.55	002221	东华能源	SZ
196	12/18/08	5.63	5.83	5.49	5.78	3099377	5.63	002221	东华能源	SZ
197	12/19/08	5.78	5.97	5.71	5.89	3929330	5.78	002221	东华能源	SZ
198	12/22/08	5.9	6.18	5.65	6.06	4983184	5.9	002221	东华能源	SZ
199	12/23/08	6.06	6.08	5.45	5.47	3799113	6.06	002221	东华能源	SZ
200	12/24/08	5.32	5.4	5.16	5.22	3062378	5.32	002221	东华能源	SZ
201	12/25/08	5.2	5.32	4.9	5.02	2126893	5.2	002221	东华能源	SZ
202	12/26/08	5.02	5.25	5.02	5.17	1876103	5.02	002221	东华能源	SZ
203	12/29/08	5.17	5.17	4.8	5.05	1407672	5.17	002221	东华能源	SZ
204	12/30/08	5.05	5.2	5.01	5.08	1481914	5.05	002221	东华能源	SZ
205	12/31/08	5.09	5.15	4.97	4.97	983150	5.09	002221	东华能源	SZ
206	1/5/09	5.05	5.22	5.04	5.22	1530558	5.05	002221	东华能源	SZ
207	1/6/09	5.2	5.45	5.15	5.42	2561796	5.2	002221	东华能源	SZ
208	1/7/09	5.4	5.48	5.32	5.38	2010952	5.4	002221	东华能源	SZ
209	1/8/09	5.34	5.37	5.18	5.36	2061792	5.34	002221	东华能源	SZ
210	1/9/09	5.26	5.74	5.26	5.7	4607210	5.26	002221	东华能源	SZ
211	1/12/09	5.67	5.95	5.56	5.68	4340986	5.67	002221	东华能源	SZ
212	1/13/09	5.6	5.75	5.45	5.47	2421333	5.6	002221	东华能源	SZ
213	1/14/09	5.47	5.8	5.45	5.78	3088825	5.47	002221	东华能源	SZ
214	1/15/09	5.66	5.83	5.65	5.73	2938382	5.66	002221	东华能源	SZ
215	1/16/09	5.78	5.83	5.67	5.69	2830220	5.78	002221	东华能源	SZ
216	1/19/09	5.69	5.79	5.52	5.6	2339044	5.69	002221	东华能源	SZ
217	1/20/09	5.66	5.69	5.54	5.65	1263875	5.66	002221	东华能源	SZ
218	1/21/09	5.62	5.7	5.57	5.62	1405499	5.62	002221	东华能源	SZ
219	1/22/09	5.64	5.74	5.53	5.67	1772574	5.64	002221	东华能源	SZ
220	1/23/09	5.67	5.74	5.65	5.66	1765936	5.67	002221	东华能源	SZ
221	2/2/09	5.73	5.91	5.66	5.89	3134708	5.73	002221	东华能源	SZ
222	2/3/09	5.85	5.94	5.8	5.94	3454368	5.85	002221	东华能源	SZ
223	2/4/09	5.98	6.17	5.93	6.06	4424005	5.98	002221	东华能源	SZ
224	2/5/09	6.05	6.08	5.79	5.83	3898318	6.05	002221	东华能源	SZ
225	2/6/09	5.84	6.13	5.84	6.11	4810119	5.84	002221	东华能源	SZ
226	2/9/09	6.18	6.31	6.03	6.27	5342978	6.18	002221	东华能源	SZ
227	2/10/09	6.27	6.27	6.27	6.27	0	6.27	002221	东华能源	SZ
228	2/11/09	6.51	6.9	6.43	6.9	11648307	6.51	002221	东华能源	SZ
229	2/12/09	7.05	7.33	6.85	7.29	15322451	7.05	002221	东华能源	SZ
230	2/13/09	7.29	7.42	7.0	7.3	8748734	7.29	002221	东华能源	SZ
231	2/16/09	7.29	7.3	7.01	7.24	6871148	7.29	002221	东华能源	SZ
232	2/17/09	7.24	7.56	6.91	7.17	7670768	7.24	002221	东华能源	SZ
233	2/18/09	7.01	7.31	6.75	6.75	5533829	7.01	002221	东华能源	SZ
234	2/19/09	6.73	7.2	6.7	7.2	4759987	6.73	002221	东华能源	SZ
235	2/20/09	7.29	7.85	7.29	7.36	7855496	7.29	002221	东华能源	SZ
236	2/23/09	7.4	7.56	7.2	7.54	5806696	7.4	002221	东华能源	SZ
237	2/24/09	7.41	7.51	6.98	6.98	5506606	7.41	002221	东华能源	SZ
238	2/25/09	7.02	7.23	6.81	7.12	3702388	7.02	002221	东华能源	SZ
239	2/26/09	7.15	7.19	6.41	6.55	3193926	7.15	002221	东华能源	SZ
240	2/27/09	6.48	6.48	5.9	5.91	3678067	6.48	002221	东华能源	SZ
241	3/2/09	5.92	6.14	5.82	6.08	2135419	5.92	002221	东华能源	SZ
242	3/3/09	5.96	6.07	5.75	5.94	2311399	5.96	002221	东华能源	SZ
243	3/4/09	5.92	6.38	5.92	6.37	3382536	5.92	002221	东华能源	SZ
244	3/5/09	6.43	6.57	6.18	6.43	3901949	6.43	002221	东华能源	SZ
245	3/6/09	6.3	6.55	6.24	6.41	2415513	6.3	002221	东华能源	SZ
246	3/9/09	6.44	6.55	6.0	6.05	2517084	6.44	002221	东华能源	SZ
247	3/10/09	5.92	6.22	5.89	6.2	1683796	5.92	002221	东华能源	SZ
248	3/11/09	6.35	6.38	6.07	6.18	1840618	6.35	002221	东华能源	SZ
249	3/12/09	6.13	6.27	5.98	6.2	1337131	6.13	002221	东华能源	SZ
250	3/13/09	6.26	6.42	6.23	6.31	2585366	6.26	002221	东华能源	SZ
251	3/16/09	6.32	6.44	6.22	6.4	2006408	6.32	002221	东华能源	SZ
252	3/17/09	6.41	6.63	6.35	6.59	3220412	6.41	002221	东华能源	SZ
253	3/18/09	6.66	6.85	6.61	6.68	4026804	6.66	002221	东华能源	SZ
254	3/19/09	6.65	6.87	6.65	6.8	3323076	6.65	002221	东华能源	SZ
255	3/20/09	6.86	7.3	6.85	7.12	7629673	6.86	002221	东华能源	SZ
256	3/23/09	7.09	7.13	6.96	7.05	4923577	7.09	002221	东华能源	SZ
257	3/24/09	7.11	7.17	6.89	7.05	4929192	7.11	002221	东华能源	SZ
258	3/25/09	7.1	7.46	7.1	7.18	9903208	7.1	002221	东华能源	SZ
259	3/26/09	7.09	7.22	6.87	7.2	7812406	7.09	002221	东华能源	SZ
260	3/27/09	7.24	7.28	7.01	7.04	5394543	7.24	002221	东华能源	SZ
261	3/30/09	7.03	7.15	7.0	7.05	2879194	7.03	002221	东华能源	SZ
262	3/31/09	6.9	7.28	6.87	7.15	4379926	6.9	002221	东华能源	SZ
263	4/1/09	7.17	7.31	7.1	7.27	6472568	7.17	002221	东华能源	SZ
264	4/2/09	7.34	7.36	7.23	7.25	5644303	7.34	002221	东华能源	SZ
265	4/3/09	7.3	7.49	7.24	7.35	7033281	7.3	002221	东华能源	SZ
266	4/7/09	7.4	7.45	7.25	7.4	4230288	7.4	002221	东华能源	SZ
267	4/8/09	7.39	7.56	7.3	7.31	7268713	7.39	002221	东华能源	SZ
268	4/9/09	7.19	7.23	6.85	7.1	6138907	7.19	002221	东华能源	SZ
269	4/10/09	7.1	7.45	6.98	7.4	7615909	7.1	002221	东华能源	SZ
270	4/13/09	7.68	8.14	7.65	8.14	19891518	7.68	002221	东华能源	SZ
271	4/14/09	8.17	8.6	7.89	8.5	18589272	8.17	002221	东华能源	SZ
272	4/15/09	8.35	8.48	8.06	8.32	14312352	8.35	002221	东华能源	SZ
273	4/16/09	8.32	8.4	7.98	8.18	11242352	8.32	002221	东华能源	SZ
274	4/17/09	8.18	8.18	7.85	7.9	6819826	8.18	002221	东华能源	SZ
275	4/20/09	7.9	8.26	7.86	8.19	6244550	7.9	002221	东华能源	SZ
276	4/21/09	8.08	8.18	7.91	8.18	4600553	8.08	002221	东华能源	SZ
277	4/22/09	8.1	8.19	7.62	7.87	6753860	8.1	002221	东华能源	SZ
278	4/23/09	7.75	7.88	7.57	7.85	4550177	7.75	002221	东华能源	SZ
279	4/24/09	7.86	8.09	7.8	7.91	6003479	7.86	002221	东华能源	SZ
280	4/27/09	7.89	7.91	7.45	7.69	4416784	7.89	002221	东华能源	SZ
281	4/28/09	7.5	7.69	7.46	7.51	2321472	7.5	002221	东华能源	SZ
282	4/29/09	7.51	7.51	7.51	7.51	0	7.51	002221	东华能源	SZ
283	4/30/09	7.84	7.84	7.62	7.65	4639146	7.84	002221	东华能源	SZ
284	5/4/09	7.74	8.09	7.66	8.05	7639068	7.74	002221	东华能源	SZ
285	5/5/09	8.15	8.22	8.0	8.2	8685378	8.15	002221	东华能源	SZ
286	5/6/09	8.21	8.25	8.04	8.17	6214842	8.21	002221	东华能源	SZ
287	5/7/09	8.2	8.51	8.05	8.4	14044651	8.2	002221	东华能源	SZ
288	5/8/09	8.3	8.4	8.13	8.22	7374278	8.3	002221	东华能源	SZ
289	5/11/09	8.28	8.55	7.87	7.88	7336922	8.28	002221	东华能源	SZ
290	5/12/09	7.7	8.07	7.62	8.02	4059094	7.7	002221	东华能源	SZ
291	5/13/09	8.06	8.23	7.94	8.14	5117730	8.06	002221	东华能源	SZ
292	5/14/09	8.03	8.09	7.9	7.98	3419453	8.03	002221	东华能源	SZ
293	5/15/09	7.94	8.1	7.92	7.99	2708115	7.94	002221	东华能源	SZ
294	5/18/09	8.14	8.33	8.05	8.32	8332482	8.14	002221	东华能源	SZ
295	5/19/09	8.36	8.47	8.17	8.25	7276818	8.36	002221	东华能源	SZ
296	5/20/09	8.29	9.0	8.16	8.75	15134240	8.29	002221	东华能源	SZ
297	5/21/09	8.74	9.45	8.61	9.11	19837840	8.74	002221	东华能源	SZ
298	5/22/09	9.1	9.11	8.6	8.73	10181333	9.1	002221	东华能源	SZ
299	5/25/09	8.55	8.94	8.12	8.8	8225907	8.55	002221	东华能源	SZ
300	5/26/09	8.65	9.0	8.55	8.67	6910079	8.65	002221	东华能源	SZ
301	5/27/09	8.63	9.29	8.6	9.11	11938927	8.63	002221	东华能源	SZ
302	6/1/09	9.5	9.7	9.2	9.28	12985604	9.5	002221	东华能源	SZ
303	6/2/09	9.31	9.43	9.1	9.18	8396256	9.31	002221	东华能源	SZ
304	6/3/09	9.21	9.5	9.12	9.44	9764382	9.21	002221	东华能源	SZ
305	6/4/09	9.3	9.3	8.96	9.16	8079272	9.3	002221	东华能源	SZ
306	6/5/09	9.19	9.23	8.9	8.91	6129039	9.19	002221	东华能源	SZ
307	6/8/09	8.88	9.0	8.7	8.8	3961515	8.88	002221	东华能源	SZ
308	6/9/09	8.75	8.99	8.7	8.96	3494885	8.75	002221	东华能源	SZ
309	6/10/09	8.96	9.13	8.9	8.96	3380542	8.96	002221	东华能源	SZ
310	6/11/09	9.01	9.07	8.8	8.89	3990472	9.01	002221	东华能源	SZ
311	6/12/09	8.89	8.93	8.46	8.52	4404201	8.89	002221	东华能源	SZ
312	6/15/09	8.55	8.72	8.5	8.72	2736457	8.55	002221	东华能源	SZ
313	6/16/09	8.65	8.75	8.52	8.61	2124954	8.65	002221	东华能源	SZ
314	6/17/09	8.61	8.82	8.59	8.76	2458040	8.61	002221	东华能源	SZ
315	6/18/09	8.77	8.97	8.72	8.85	3498113	8.77	002221	东华能源	SZ
316	6/19/09	8.85	8.93	8.71	8.79	2814319	8.85	002221	东华能源	SZ
317	6/22/09	8.89	8.9	8.7	8.71	3164840	8.89	002221	东华能源	SZ
318	6/23/09	8.51	8.63	8.45	8.49	3353260	8.51	002221	东华能源	SZ
319	6/24/09	8.48	8.66	8.47	8.62	2333436	8.48	002221	东华能源	SZ
320	6/25/09	8.63	8.66	8.46	8.48	2468745	8.63	002221	东华能源	SZ
321	6/26/09	8.52	8.59	8.46	8.54	2251409	8.52	002221	东华能源	SZ
322	6/29/09	8.51	8.56	8.42	8.54	3198267	8.51	002221	东华能源	SZ
323	6/30/09	8.69	8.98	8.66	8.7	7511954	8.69	002221	东华能源	SZ
324	7/1/09	8.65	8.65	8.5	8.59	3331493	8.65	002221	东华能源	SZ
325	7/2/09	8.6	8.75	8.52	8.74	4786279	8.6	002221	东华能源	SZ
326	7/3/09	8.75	8.79	8.66	8.79	3927380	8.75	002221	东华能源	SZ
327	7/6/09	8.78	9.18	8.78	9.14	11347687	8.78	002221	东华能源	SZ
328	7/7/09	9.18	9.33	8.94	9.13	8884592	9.18	002221	东华能源	SZ
329	7/8/09	9.18	9.45	9.17	9.29	12182438	9.18	002221	东华能源	SZ
330	7/9/09	9.25	9.55	9.02	9.51	13306056	9.25	002221	东华能源	SZ
331	7/10/09	9.51	9.51	9.51	9.51	0	9.51	002221	东华能源	SZ
332	7/13/09	9.27	9.79	8.94	9.58	14994461	9.27	002221	东华能源	SZ
333	7/14/09	9.67	9.99	9.48	9.6	15358617	9.67	002221	东华能源	SZ
334	7/15/09	9.59	9.59	9.38	9.42	8278274	9.59	002221	东华能源	SZ
335	7/16/09	9.4	9.46	9.15	9.27	11166496	9.4	002221	东华能源	SZ
336	7/17/09	9.25	9.35	9.21	9.27	4495650	9.25	002221	东华能源	SZ
337	7/20/09	9.27	9.58	9.27	9.53	8910413	9.27	002221	东华能源	SZ
338	7/21/09	9.52	9.52	9.09	9.1	7119257	9.52	002221	东华能源	SZ
339	7/22/09	9.07	9.43	9.07	9.29	6819065	9.07	002221	东华能源	SZ
340	7/23/09	9.3	9.31	9.14	9.23	4521422	9.3	002221	东华能源	SZ
341	7/24/09	9.27	9.6	9.24	9.5	12955086	9.27	002221	东华能源	SZ
342	7/27/09	9.6	9.94	9.54	9.85	17483196	9.6	002221	东华能源	SZ
343	7/28/09	9.8	9.8	9.48	9.65	9092402	9.8	002221	东华能源	SZ
344	7/29/09	9.6	9.6	8.69	8.87	8347806	9.6	002221	东华能源	SZ
345	7/30/09	8.87	9.04	8.45	8.73	5076264	8.87	002221	东华能源	SZ
346	7/31/09	8.86	9.23	8.86	9.17	5461891	8.86	002221	东华能源	SZ
347	8/3/09	9.17	9.4	9.05	9.28	5150192	9.17	002221	东华能源	SZ
348	8/4/09	9.3	9.35	9.04	9.2	4461841	9.3	002221	东华能源	SZ
349	8/5/09	9.24	9.5	9.14	9.4	7358189	9.24	002221	东华能源	SZ
350	8/6/09	9.32	9.45	9.18	9.28	4887700	9.32	002221	东华能源	SZ
351	8/7/09	9.31	9.65	9.2	9.28	10235700	9.31	002221	东华能源	SZ
352	8/10/09	9.37	9.55	9.21	9.44	5512305	9.37	002221	东华能源	SZ
353	8/11/09	9.42	9.48	9.15	9.28	3446132	9.42	002221	东华能源	SZ
354	8/12/09	9.2	9.23	8.52	8.59	4735785	9.2	002221	东华能源	SZ
355	8/13/09	8.58	8.75	8.55	8.62	2170427	8.58	002221	东华能源	SZ
356	8/14/09	8.63	8.72	8.08	8.12	3888125	8.63	002221	东华能源	SZ
357	8/17/09	8.09	8.09	7.34	7.34	3457850	8.09	002221	东华能源	SZ
358	8/18/09	7.34	7.6	7.2	7.55	1942772	7.34	002221	东华能源	SZ
359	8/19/09	7.63	7.71	7.03	7.17	2508776	7.63	002221	东华能源	SZ
360	8/20/09	7.2	7.53	7.2	7.5	2050102	7.2	002221	东华能源	SZ
361	8/21/09	7.61	8.0	7.51	8.0	4171765	7.61	002221	东华能源	SZ
362	8/24/09	8.05	8.22	8.05	8.15	6164681	8.05	002221	东华能源	SZ
363	8/25/09	8.15	8.15	7.57	7.86	4133997	8.15	002221	东华能源	SZ
364	8/26/09	7.84	8.12	7.72	8.06	3241569	7.84	002221	东华能源	SZ
365	8/27/09	8.07	8.15	7.86	8.05	3402453	8.07	002221	东华能源	SZ
366	8/28/09	8.05	8.05	7.67	7.77	2392831	8.05	002221	东华能源	SZ
367	8/31/09	7.5	7.58	7.09	7.09	2082699	7.5	002221	东华能源	SZ
368	9/1/09	7.09	7.25	7.04	7.13	1366801	7.09	002221	东华能源	SZ
369	9/2/09	7.23	7.84	7.18	7.55	5603724	7.23	002221	东华能源	SZ
370	9/3/09	7.3	7.8	7.21	7.73	5192654	7.3	002221	东华能源	SZ
371	9/4/09	7.62	7.82	7.57	7.7	3317454	7.62	002221	东华能源	SZ
372	9/7/09	7.7	7.85	7.65	7.71	3361037	7.7	002221	东华能源	SZ
373	9/8/09	7.7	7.8	7.52	7.8	2659370	7.7	002221	东华能源	SZ
374	9/9/09	7.85	7.98	7.75	7.82	3423478	7.85	002221	东华能源	SZ
375	9/10/09	7.8	8.1	7.61	7.96	5067932	7.8	002221	东华能源	SZ
376	9/11/09	7.85	8.08	7.8	7.97	3278913	7.85	002221	东华能源	SZ
377	9/14/09	7.98	8.09	7.91	8.09	3516225	7.98	002221	东华能源	SZ
378	9/15/09	8.18	8.18	8.0	8.11	3413706	8.18	002221	东华能源	SZ
379	9/16/09	8.11	8.18	7.98	8.14	3146239	8.11	002221	东华能源	SZ
380	9/17/09	8.16	8.43	8.16	8.43	5185525	8.16	002221	东华能源	SZ
381	9/18/09	8.43	8.71	8.02	8.12	5993643	8.43	002221	东华能源	SZ
382	9/21/09	8.08	8.29	7.9	8.2	3133695	8.08	002221	东华能源	SZ
383	9/22/09	8.2	8.2	8.2	8.2	0	8.2	002221	东华能源	SZ
384	9/23/09	7.92	8.09	7.6	7.79	3549691	7.92	002221	东华能源	SZ
385	9/24/09	7.68	7.79	7.45	7.6	1480741	7.68	002221	东华能源	SZ
386	9/25/09	7.68	7.68	7.53	7.57	1001477	7.68	002221	东华能源	SZ
387	9/28/09	7.56	7.76	7.33	7.35	1436296	7.56	002221	东华能源	SZ
388	9/29/09	7.39	7.41	7.11	7.16	1545210	7.39	002221	东华能源	SZ
389	9/30/09	7.17	7.38	7.17	7.26	1026825	7.17	002221	东华能源	SZ
390	10/9/09	7.33	7.61	7.33	7.6	1645504	7.33	002221	东华能源	SZ
391	10/12/09	7.64	7.7	7.52	7.58	1395299	7.64	002221	东华能源	SZ
392	10/13/09	7.5	7.69	7.5	7.68	1279483	7.5	002221	东华能源	SZ
393	10/14/09	7.75	7.9	7.71	7.79	2114041	7.75	002221	东华能源	SZ
394	10/15/09	7.85	7.89	7.73	7.82	1256196	7.85	002221	东华能源	SZ
395	10/16/09	7.9	7.97	7.63	7.75	1613881	7.9	002221	东华能源	SZ
396	10/19/09	7.75	7.75	7.75	7.75	0	7.75	002221	东华能源	SZ
397	10/20/09	8.04	8.08	7.94	8.0	4137897	8.04	002221	东华能源	SZ
398	10/21/09	7.98	8.31	7.94	8.18	6514018	7.98	002221	东华能源	SZ
399	10/22/09	8.01	8.21	7.97	8.08	3417725	8.01	002221	东华能源	SZ
400	10/23/09	8.08	8.25	8.08	8.19	4076759	8.08	002221	东华能源	SZ
401	10/26/09	8.19	8.31	8.12	8.3	3092348	8.19	002221	东华能源	SZ
402	10/27/09	8.28	8.28	7.95	7.95	2962866	8.28	002221	东华能源	SZ
403	10/28/09	7.87	8.03	7.8	8.03	2031647	7.87	002221	东华能源	SZ
404	10/29/09	7.9	7.98	7.8	7.8	1346806	7.9	002221	东华能源	SZ
405	10/30/09	7.96	8.25	7.83	8.0	2791215	7.96	002221	东华能源	SZ
406	11/2/09	7.81	8.12	7.73	8.12	3301609	7.81	002221	东华能源	SZ
407	11/3/09	8.1	8.27	8.07	8.27	4839519	8.1	002221	东华能源	SZ
408	11/4/09	8.29	8.35	8.2	8.29	4612857	8.29	002221	东华能源	SZ
409	11/5/09	8.27	8.58	8.27	8.56	7561900	8.27	002221	东华能源	SZ
410	11/6/09	8.52	8.63	8.46	8.49	5963601	8.52	002221	东华能源	SZ
411	11/9/09	8.44	8.56	8.33	8.52	4901096	8.44	002221	东华能源	SZ
412	11/10/09	8.65	8.75	8.48	8.54	5971949	8.65	002221	东华能源	SZ
413	11/11/09	8.42	8.5	8.3	8.47	3698738	8.42	002221	东华能源	SZ
414	11/12/09	8.44	8.61	8.4	8.52	4530371	8.44	002221	东华能源	SZ
415	11/13/09	8.5	8.64	8.4	8.64	4741157	8.5	002221	东华能源	SZ
416	11/16/09	8.71	8.96	8.71	8.89	7446592	8.71	002221	东华能源	SZ
417	11/17/09	8.99	8.99	8.81	8.89	5465019	8.99	002221	东华能源	SZ
418	11/18/09	9.08	9.67	9.07	9.24	12656147	9.08	002221	东华能源	SZ
419	11/19/09	9.37	10.16	9.26	10.16	19667514	9.37	002221	东华能源	SZ
420	11/20/09	10.33	10.78	10.1	10.12	24126480	10.33	002221	东华能源	SZ
421	11/23/09	10.09	10.7	10.01	10.4	14382784	10.09	002221	东华能源	SZ
422	11/24/09	10.36	10.58	9.67	9.83	13519003	10.36	002221	东华能源	SZ
423	11/25/09	9.6	10.19	9.51	10.17	7799036	9.6	002221	东华能源	SZ
424	11/26/09	10.15	11.19	10.08	10.69	19026848	10.15	002221	东华能源	SZ
425	11/27/09	10.3	10.7	9.8	10.0	9316020	10.3	002221	东华能源	SZ
426	11/30/09	10.15	10.64	10.1	10.59	8571013	10.15	002221	东华能源	SZ
427	12/1/09	10.5	11.05	10.42	10.96	11266837	10.5	002221	东华能源	SZ
428	12/2/09	11.0	11.37	10.73	11.12	11141303	11.0	002221	东华能源	SZ
429	12/3/09	10.96	11.27	10.91	11.02	8103255	10.96	002221	东华能源	SZ
430	12/4/09	11.1	11.39	10.5	10.83	9418251	11.1	002221	东华能源	SZ
431	12/7/09	10.83	10.83	10.83	10.83	0	10.83	002221	东华能源	SZ
432	12/8/09	11.16	11.3	10.9	11.02	6155680	11.16	002221	东华能源	SZ
433	12/9/09	10.76	11.08	10.46	10.6	4751221	10.76	002221	东华能源	SZ
434	12/10/09	10.6	10.78	10.41	10.62	3047584	10.6	002221	东华能源	SZ
435	12/11/09	10.66	10.69	10.43	10.45	2616083	10.66	002221	东华能源	SZ
436	12/14/09	10.45	10.61	10.19	10.58	3482257	10.45	002221	东华能源	SZ
437	12/15/09	10.66	11.18	10.58	11.01	7192400	10.66	002221	东华能源	SZ
438	12/16/09	11.06	11.2	10.86	11.05	5109619	11.06	002221	东华能源	SZ
439	12/17/09	11.08	11.48	10.95	10.98	7885772	11.08	002221	东华能源	SZ
440	12/18/09	10.62	10.95	10.2	10.3	4342490	10.62	002221	东华能源	SZ
441	12/21/09	10.32	10.49	10.18	10.38	2601909	10.32	002221	东华能源	SZ
442	12/22/09	10.32	10.5	9.98	10.11	2386534	10.32	002221	东华能源	SZ
443	12/23/09	10.01	10.33	9.98	10.19	2000642	10.01	002221	东华能源	SZ
444	12/24/09	10.19	10.53	10.15	10.5	2806128	10.19	002221	东华能源	SZ
445	12/25/09	10.5	10.83	10.41	10.68	3297862	10.5	002221	东华能源	SZ
446	12/28/09	10.74	11.53	10.74	11.3	7910319	10.74	002221	东华能源	SZ
447	12/29/09	11.25	11.5	11.11	11.39	6095016	11.25	002221	东华能源	SZ
448	12/30/09	11.3	11.55	11.3	11.36	5431952	11.3	002221	东华能源	SZ
449	12/31/09	11.38	11.66	11.31	11.58	6079298	11.38	002221	东华能源	SZ
450	1/4/10	11.58	12.1	11.58	11.76	6046331	11.58	002221	东华能源	SZ
451	1/5/10	11.86	12.35	11.55	12.2	5780115	11.86	002221	东华能源	SZ
452	1/6/10	12.26	12.6	11.88	12.07	7478336	12.26	002221	东华能源	SZ
453	1/7/10	12.0	12.12	11.57	11.59	4800461	12.0	002221	东华能源	SZ
454	1/8/10	11.4	11.89	11.4	11.86	3635452	11.4	002221	东华能源	SZ
455	1/11/10	11.88	11.9	11.45	11.76	3486980	11.88	002221	东华能源	SZ
456	1/12/10	11.7	12.15	11.66	12.08	4076349	11.7	002221	东华能源	SZ
457	1/13/10	11.87	11.98	11.65	11.66	3360609	11.87	002221	东华能源	SZ
458	1/14/10	11.76	12.1	11.69	12.0	3256486	11.76	002221	东华能源	SZ
459	1/15/10	12.1	12.6	12.0	12.36	5188690	12.1	002221	东华能源	SZ
460	1/18/10	12.21	12.52	12.2	12.4	2777879	12.21	002221	东华能源	SZ
461	1/19/10	12.4	12.48	12.05	12.06	2914421	12.4	002221	东华能源	SZ
462	1/20/10	12.06	12.12	11.4	11.42	4122534	12.06	002221	东华能源	SZ
463	1/21/10	11.4	11.6	11.31	11.45	2008996	11.4	002221	东华能源	SZ
464	1/22/10	11.4	11.4	10.5	10.76	3842794	11.4	002221	东华能源	SZ
465	1/25/10	10.76	10.93	10.6	10.74	1243170	10.76	002221	东华能源	SZ
466	1/26/10	10.71	10.94	10.3	10.42	2361866	10.71	002221	东华能源	SZ
467	1/27/10	10.39	10.66	10.12	10.41	1439058	10.39	002221	东华能源	SZ
468	1/28/10	10.41	10.68	10.3	10.67	2034013	10.41	002221	东华能源	SZ
469	1/29/10	10.5	10.81	10.4	10.42	2765345	10.5	002221	东华能源	SZ
470	2/1/10	10.43	10.44	9.8	9.99	2552914	10.43	002221	东华能源	SZ
471	2/2/10	10.1	10.44	10.02	10.05	1721562	10.1	002221	东华能源	SZ
472	2/3/10	10.11	10.25	9.68	10.25	2112068	10.11	002221	东华能源	SZ
473	2/4/10	10.22	10.32	10.02	10.23	1649200	10.22	002221	东华能源	SZ
474	2/5/10	10.0	10.14	9.88	10.0	1314905	10.0	002221	东华能源	SZ
475	2/8/10	10.06	10.24	10.02	10.19	1056414	10.06	002221	东华能源	SZ
476	2/9/10	10.1	10.25	10.1	10.19	644359	10.1	002221	东华能源	SZ
477	2/10/10	10.22	10.38	10.21	10.37	1179159	10.22	002221	东华能源	SZ
478	2/11/10	10.38	10.38	10.2	10.22	803318	10.38	002221	东华能源	SZ
479	2/12/10	10.25	10.41	10.23	10.4	1182630	10.25	002221	东华能源	SZ
480	2/22/10	10.42	10.49	10.27	10.35	894327	10.42	002221	东华能源	SZ
481	2/23/10	10.21	10.35	10.08	10.25	1132970	10.21	002221	东华能源	SZ
482	2/24/10	10.17	10.74	10.15	10.68	2440459	10.17	002221	东华能源	SZ
483	2/25/10	10.78	11.5	10.68	11.26	5604952	10.78	002221	东华能源	SZ
484	2/26/10	11.21	11.77	11.01	11.74	7265977	11.21	002221	东华能源	SZ
485	3/1/10	11.74	12.09	11.6	12.09	4894372	11.74	002221	东华能源	SZ
486	3/2/10	12.2	12.2	11.77	11.95	3333604	12.2	002221	东华能源	SZ
487	3/3/10	11.9	12.2	11.71	11.94	3586668	11.9	002221	东华能源	SZ
488	3/4/10	11.94	12.13	11.28	11.31	4413188	11.94	002221	东华能源	SZ
489	3/5/10	11.36	11.67	11.36	11.48	2790968	11.36	002221	东华能源	SZ
490	3/8/10	11.51	11.79	11.51	11.62	1767809	11.51	002221	东华能源	SZ
491	3/9/10	11.85	11.85	11.52	11.62	1721061	11.85	002221	东华能源	SZ
492	3/10/10	11.62	11.78	11.35	11.39	1448579	11.62	002221	东华能源	SZ
493	3/11/10	11.23	11.45	11.21	11.3	1692098	11.23	002221	东华能源	SZ
494	3/12/10	11.3	11.42	11.19	11.25	1007713	11.3	002221	东华能源	SZ
495	3/15/10	11.25	11.25	10.6	10.85	1423770	11.25	002221	东华能源	SZ
496	3/16/10	10.8	10.97	10.75	10.93	684902	10.8	002221	东华能源	SZ
497	3/17/10	10.95	11.4	10.92	11.4	1474223	10.95	002221	东华能源	SZ
498	3/18/10	11.42	11.58	11.35	11.52	1503149	11.42	002221	东华能源	SZ
499	3/19/10	11.59	11.6	11.42	11.59	1316015	11.59	002221	东华能源	SZ
500	3/22/10	11.59	11.79	11.56	11.6	1711367	11.59	002221	东华能源	SZ
501	3/23/10	11.52	11.57	11.21	11.4	2589791	11.52	002221	东华能源	SZ
502	3/24/10	11.47	11.49	11.23	11.28	2590803	11.47	002221	东华能源	SZ
503	3/25/10	11.35	11.74	11.21	11.32	3396843	11.35	002221	东华能源	SZ
504	3/26/10	11.25	11.53	11.2	11.42	1688432	11.25	002221	东华能源	SZ
505	3/29/10	11.4	11.72	11.35	11.69	3284776	11.4	002221	东华能源	SZ
506	3/30/10	11.71	11.86	11.63	11.65	3510733	11.71	002221	东华能源	SZ
507	3/31/10	11.66	11.76	11.45	11.52	3988307	11.66	002221	东华能源	SZ
508	4/1/10	11.6	12.19	11.52	12.05	10344156	11.6	002221	东华能源	SZ
509	4/2/10	12.06	12.26	11.85	12.17	7432945	12.06	002221	东华能源	SZ
510	4/6/10	12.25	12.77	12.15	12.45	8600853	12.25	002221	东华能源	SZ
511	4/7/10	12.5	13.08	12.4	13.08	13001169	12.5	002221	东华能源	SZ
512	4/8/10	13.17	13.55	12.94	13.1	12364290	13.17	002221	东华能源	SZ
513	4/9/10	13.0	13.42	12.91	13.31	6532420	13.0	002221	东华能源	SZ
514	4/12/10	13.32	13.89	13.32	13.73	7195423	13.32	002221	东华能源	SZ
515	4/13/10	13.65	13.84	12.65	13.61	8143331	13.65	002221	东华能源	SZ
516	4/14/10	13.9	13.9	13.12	13.35	4806766	13.9	002221	东华能源	SZ
517	4/15/10	13.35	13.98	13.13	13.97	8831893	13.35	002221	东华能源	SZ
518	4/16/10	13.97	13.97	13.97	13.97	0	13.97	002221	东华能源	SZ
519	4/19/10	13.63	13.64	12.75	13.01	6683000	13.63	002221	东华能源	SZ
520	4/20/10	13.0	13.35	12.76	13.33	3913040	13.0	002221	东华能源	SZ
521	4/21/10	13.43	14.33	13.28	13.99	9219542	13.43	002221	东华能源	SZ
522	4/22/10	13.94	14.74	13.72	14.64	9742616	13.94	002221	东华能源	SZ
523	4/23/10	14.68	14.77	14.16	14.47	7020702	14.68	002221	东华能源	SZ
524	4/26/10	14.33	14.55	14.0	14.25	3959485	14.33	002221	东华能源	SZ
525	4/27/10	14.12	14.23	13.2	13.42	5515037	14.12	002221	东华能源	SZ
526	4/28/10	13.35	13.46	12.98	13.29	2379215	13.35	002221	东华能源	SZ
527	4/29/10	13.28	13.49	12.72	12.78	3462042	13.28	002221	东华能源	SZ
528	4/30/10	12.74	12.77	11.68	12.15	3441630	12.74	002221	东华能源	SZ
529	5/4/10	11.95	12.59	11.76	12.54	3031887	11.95	002221	东华能源	SZ
530	5/5/10	12.3	12.95	12.3	12.8	2620172	12.3	002221	东华能源	SZ
531	5/6/10	12.8	12.89	11.99	12.1	2259780	12.8	002221	东华能源	SZ
532	5/7/10	11.8	11.8	11.33	11.5	3707287	11.8	002221	东华能源	SZ
533	5/10/10	11.59	11.68	10.6	11.1	2415831	11.59	002221	东华能源	SZ
534	5/11/10	11.39	11.39	10.85	10.85	3252949	11.39	002221	东华能源	SZ
535	5/12/10	10.7	11.05	10.55	10.73	1523432	10.7	002221	东华能源	SZ
536	5/13/10	10.8	11.8	10.8	11.68	4010876	10.8	002221	东华能源	SZ
537	5/14/10	11.48	11.79	11.33	11.65	2647041	11.48	002221	东华能源	SZ
538	5/17/10	11.4	11.5	10.87	10.88	2083370	11.4	002221	东华能源	SZ
539	5/18/10	10.9	11.09	10.1	10.67	3108902	10.9	002221	东华能源	SZ
540	5/19/10	10.55	11.12	10.35	10.73	2062003	10.55	002221	东华能源	SZ
541	5/20/10	10.65	11.0	10.5	10.6	1558531	10.65	002221	东华能源	SZ
542	5/21/10	10.2	10.91	10.01	10.87	1644746	10.2	002221	东华能源	SZ
543	5/24/10	10.88	11.38	10.88	11.32	2292217	10.88	002221	东华能源	SZ
544	5/25/10	11.2	11.44	11.06	11.3	1644554	11.2	002221	东华能源	SZ
545	5/26/10	11.29	11.65	11.1	11.4	2461013	11.29	002221	东华能源	SZ
546	5/27/10	11.38	11.58	11.2	11.48	2404364	11.38	002221	东华能源	SZ
547	5/28/10	11.65	11.74	11.1	11.28	2347699	11.65	002221	东华能源	SZ
548	5/31/10	11.37	11.65	11.07	11.43	3808469	11.37	002221	东华能源	SZ
549	6/1/10	11.25	11.8	10.9	11.19	3241099	11.25	002221	东华能源	SZ
550	6/2/10	10.99	11.12	10.58	11.08	1935047	10.99	002221	东华能源	SZ
551	6/3/10	11.08	11.26	10.8	10.82	1525844	11.08	002221	东华能源	SZ
552	6/4/10	10.83	10.88	10.52	10.68	1892658	10.83	002221	东华能源	SZ
553	6/7/10	10.28	10.65	10.23	10.53	1550287	10.28	002221	东华能源	SZ
554	6/8/10	10.5	10.75	10.45	10.62	1193853	10.5	002221	东华能源	SZ
555	6/9/10	10.7	10.88	10.63	10.8	3570645	10.7	002221	东华能源	SZ
556	6/10/10	10.75	10.87	10.75	10.78	3064160	10.75	002221	东华能源	SZ
557	6/11/10	10.8	10.96	10.52	10.58	2174376	10.8	002221	东华能源	SZ
558	6/17/10	10.68	11.11	10.59	10.98	5364660	10.68	002221	东华能源	SZ
559	6/18/10	10.96	10.96	10.55	10.59	3417337	10.96	002221	东华能源	SZ
560	6/21/10	10.59	10.85	10.29	10.79	2048948	10.59	002221	东华能源	SZ
561	6/22/10	10.84	10.97	10.6	10.66	3391918	10.84	002221	东华能源	SZ
562	6/23/10	10.68	10.74	10.47	10.56	2172688	10.68	002221	东华能源	SZ
563	6/24/10	10.56	10.6	10.38	10.49	2456367	10.56	002221	东华能源	SZ
564	6/25/10	10.46	10.58	10.18	10.26	1493588	10.46	002221	东华能源	SZ
565	6/28/10	10.27	10.32	9.7	9.7	3209348	10.27	002221	东华能源	SZ
566	6/29/10	9.71	9.8	8.9	8.91	2919797	9.71	002221	东华能源	SZ
567	6/30/10	8.8	9.0	8.61	8.92	2010421	8.8	002221	东华能源	SZ
568	7/1/10	8.75	9.07	8.68	8.82	1274466	8.75	002221	东华能源	SZ
569	7/2/10	8.8	9.06	8.27	8.55	2819890	8.8	002221	东华能源	SZ
570	7/5/10	8.47	8.6	8.27	8.48	1038340	8.47	002221	东华能源	SZ
571	7/6/10	8.38	8.76	8.38	8.68	1854783	8.38	002221	东华能源	SZ
572	7/7/10	8.75	8.85	8.66	8.8	2139662	8.75	002221	东华能源	SZ
573	7/8/10	8.83	8.99	8.61	8.72	2422638	8.83	002221	东华能源	SZ
574	7/9/10	8.72	9.05	8.56	8.92	3386564	8.72	002221	东华能源	SZ
575	7/12/10	8.98	9.16	8.9	9.03	3040450	8.98	002221	东华能源	SZ
576	7/13/10	9.12	9.25	8.88	9.04	2613325	9.12	002221	东华能源	SZ
577	7/14/10	9.02	9.17	8.91	9.03	2980239	9.02	002221	东华能源	SZ
578	7/15/10	9.03	9.05	8.52	8.55	2987943	9.03	002221	东华能源	SZ
579	7/16/10	8.54	8.74	8.35	8.58	2079495	8.54	002221	东华能源	SZ
580	7/19/10	8.44	8.84	8.35	8.79	2005081	8.44	002221	东华能源	SZ
581	7/20/10	8.92	9.45	8.86	9.4	6625526	8.92	002221	东华能源	SZ
582	7/21/10	9.38	9.72	9.25	9.4	5936078	9.38	002221	东华能源	SZ
583	7/22/10	9.34	9.59	9.28	9.5	2415758	9.34	002221	东华能源	SZ
584	7/23/10	9.43	9.57	9.35	9.45	2244639	9.43	002221	东华能源	SZ
585	7/26/10	9.46	9.63	9.42	9.62	2917858	9.46	002221	东华能源	SZ
586	7/27/10	9.61	9.7	9.53	9.61	2263978	9.61	002221	东华能源	SZ
587	7/28/10	9.57	9.83	9.46	9.79	3292139	9.57	002221	东华能源	SZ
588	7/29/10	9.75	9.9	9.66	9.85	3469632	9.75	002221	东华能源	SZ
589	7/30/10	9.87	9.87	9.5	9.7	3207207	9.87	002221	东华能源	SZ
590	8/2/10	9.6	9.97	9.59	9.97	4016056	9.6	002221	东华能源	SZ
591	8/3/10	9.92	10.01	9.67	9.67	3381197	9.92	002221	东华能源	SZ
592	8/4/10	9.67	9.73	9.39	9.69	2751345	9.67	002221	东华能源	SZ
593	8/5/10	9.69	9.96	9.64	9.77	3454155	9.69	002221	东华能源	SZ
594	8/6/10	9.78	10.24	9.75	10.2	4799968	9.78	002221	东华能源	SZ
595	8/9/10	10.19	10.36	10.1	10.29	4059366	10.19	002221	东华能源	SZ
596	8/10/10	10.3	10.34	9.78	9.8	4040039	10.3	002221	东华能源	SZ
597	8/11/10	9.8	9.93	9.75	9.86	1826015	9.8	002221	东华能源	SZ
598	8/12/10	9.76	10.41	9.6	10.3	6891662	9.76	002221	东华能源	SZ
599	8/13/10	10.29	10.96	10.2	10.7	10078813	10.29	002221	东华能源	SZ
600	8/16/10	10.67	10.94	10.49	10.79	6128268	10.67	002221	东华能源	SZ
601	8/17/10	10.8	10.83	10.56	10.78	4597372	10.8	002221	东华能源	SZ
602	8/18/10	10.78	10.88	10.5	10.64	3125772	10.78	002221	东华能源	SZ
603	8/19/10	10.6	10.72	10.45	10.69	3249224	10.6	002221	东华能源	SZ
604	8/20/10	10.65	10.65	10.22	10.27	2843917	10.65	002221	东华能源	SZ
605	8/23/10	10.25	10.53	10.21	10.5	1955616	10.25	002221	东华能源	SZ
606	8/24/10	10.5	10.5	10.5	10.5	0	10.5	002221	东华能源	SZ
607	8/25/10	10.59	10.62	10.13	10.18	3265174	10.59	002221	东华能源	SZ
608	8/26/10	10.23	10.34	10.01	10.2	1511704	10.23	002221	东华能源	SZ
609	8/27/10	10.26	10.37	10.13	10.33	1658227	10.26	002221	东华能源	SZ
610	8/30/10	10.37	10.65	10.28	10.6	2529083	10.37	002221	东华能源	SZ
611	8/31/10	10.55	10.88	10.48	10.81	4535051	10.55	002221	东华能源	SZ
612	9/1/10	10.77	10.85	10.35	10.53	3747246	10.77	002221	东华能源	SZ
613	9/2/10	10.62	10.88	10.45	10.86	4882390	10.62	002221	东华能源	SZ
614	9/3/10	10.89	10.98	10.75	10.89	4400778	10.89	002221	东华能源	SZ
615	9/6/10	11.0	11.09	10.76	10.99	5716447	11.0	002221	东华能源	SZ
616	9/7/10	10.96	11.04	10.77	10.99	2965021	10.96	002221	东华能源	SZ
617	9/8/10	10.9	11.24	10.88	11.04	3841613	10.9	002221	东华能源	SZ
618	9/9/10	11.01	11.25	10.77	10.84	4397822	11.01	002221	东华能源	SZ
619	9/10/10	10.89	11.12	10.67	11.03	3289271	10.89	002221	东华能源	SZ
620	9/13/10	11.03	11.38	11.03	11.23	3502761	11.03	002221	东华能源	SZ
621	9/14/10	11.13	11.49	11.13	11.4	4521715	11.13	002221	东华能源	SZ
622	9/15/10	11.41	11.45	11.04	11.13	3936521	11.41	002221	东华能源	SZ
623	9/16/10	11.08	11.25	10.63	10.81	2828142	11.08	002221	东华能源	SZ
624	9/17/10	10.7	10.86	10.55	10.58	2079138	10.7	002221	东华能源	SZ
625	9/20/10	10.53	10.66	10.16	10.2	2174536	10.53	002221	东华能源	SZ
626	9/21/10	10.23	10.38	10.07	10.24	1172049	10.23	002221	东华能源	SZ
627	9/27/10	10.29	10.45	10.2	10.43	2367368	10.29	002221	东华能源	SZ
628	9/28/10	10.43	10.48	10.15	10.19	1882248	10.43	002221	东华能源	SZ
629	9/29/10	10.17	10.62	10.13	10.42	5277407	10.17	002221	东华能源	SZ
630	9/30/10	10.29	10.39	10.17	10.35	2980949	10.29	002221	东华能源	SZ
631	10/8/10	10.4	11.25	10.35	11.25	6582207	10.4	002221	东华能源	SZ
632	10/11/10	11.3	11.46	11.04	11.12	9579622	11.3	002221	东华能源	SZ
633	10/12/10	11.12	11.98	11.05	11.8	10007905	11.12	002221	东华能源	SZ
634	10/13/10	11.8	12.1	11.4	11.64	8658708	11.8	002221	东华能源	SZ
635	10/14/10	11.65	11.75	11.0	11.03	6303283	11.65	002221	东华能源	SZ
636	10/15/10	10.8	11.35	10.8	11.22	4029193	10.8	002221	东华能源	SZ
637	10/18/10	11.15	11.2	10.61	10.78	3210204	11.15	002221	东华能源	SZ
638	10/19/10	10.78	11.3	10.78	11.26	3227524	10.78	002221	东华能源	SZ
639	10/20/10	11.06	11.53	10.98	11.34	4638521	11.06	002221	东华能源	SZ
640	10/21/10	11.34	11.99	11.25	11.88	10291594	11.34	002221	东华能源	SZ
641	10/22/10	11.88	12.0	11.5	11.65	6890376	11.88	002221	东华能源	SZ
642	10/25/10	11.67	12.31	11.51	12.19	9600401	11.67	002221	东华能源	SZ
643	10/26/10	12.49	12.87	12.01	12.09	11499771	12.49	002221	东华能源	SZ
644	10/27/10	11.91	12.0	11.58	11.61	6297015	11.91	002221	东华能源	SZ
645	10/28/10	11.6	11.77	11.55	11.68	3770496	11.6	002221	东华能源	SZ
646	10/29/10	11.78	11.97	11.4	11.97	4810115	11.78	002221	东华能源	SZ
647	11/1/10	11.97	12.38	11.88	12.24	7096401	11.97	002221	东华能源	SZ
648	11/2/10	12.26	12.37	11.9	11.92	6913315	12.26	002221	东华能源	SZ
649	11/3/10	11.82	11.96	11.57	11.68	3454000	11.82	002221	东华能源	SZ
650	11/4/10	11.71	11.83	11.63	11.79	4696039	11.71	002221	东华能源	SZ
651	11/5/10	11.86	12.27	11.77	12.21	7948066	11.86	002221	东华能源	SZ
652	11/8/10	12.26	12.38	12.05	12.34	7098164	12.26	002221	东华能源	SZ
653	11/9/10	12.3	12.31	12.09	12.19	4137503	12.3	002221	东华能源	SZ
654	11/10/10	12.11	12.59	11.98	12.48	7090498	12.11	002221	东华能源	SZ
655	11/11/10	12.34	13.65	12.34	12.82	13965961	12.34	002221	东华能源	SZ
656	11/12/10	12.6	13.3	11.7	11.78	13396621	12.6	002221	东华能源	SZ
657	11/15/10	11.81	12.18	11.47	12.02	5172144	11.81	002221	东华能源	SZ
658	11/16/10	12.0	12.0	11.18	11.24	4895028	12.0	002221	东华能源	SZ
659	11/17/10	11.21	11.22	10.6	10.71	2808081	11.21	002221	东华能源	SZ
660	11/18/10	10.85	11.05	10.37	10.62	5177856	10.85	002221	东华能源	SZ
661	11/19/10	10.62	10.62	10.62	10.62	0	10.62	002221	东华能源	SZ
662	11/22/10	10.77	11.37	10.67	11.32	4916306	10.77	002221	东华能源	SZ
663	11/23/10	11.33	11.4	10.73	11.0	3518201	11.33	002221	东华能源	SZ
664	11/24/10	10.95	11.4	10.91	11.39	3441180	10.95	002221	东华能源	SZ
665	11/25/10	11.45	11.65	11.38	11.49	3821139	11.45	002221	东华能源	SZ
666	11/26/10	11.46	11.68	11.31	11.53	3332808	11.46	002221	东华能源	SZ
667	11/29/10	11.54	11.6	11.13	11.34	2872942	11.54	002221	东华能源	SZ
668	11/30/10	11.45	11.46	10.64	10.88	2893104	11.45	002221	东华能源	SZ
669	12/1/10	10.75	11.07	10.75	11.0	1621810	10.75	002221	东华能源	SZ
670	12/2/10	11.11	11.26	11.05	11.09	2726324	11.11	002221	东华能源	SZ
671	12/3/10	11.09	11.16	10.8	10.91	1436178	11.09	002221	东华能源	SZ
672	12/6/10	10.92	11.2	10.89	11.15	2920617	10.92	002221	东华能源	SZ
673	12/7/10	11.16	11.97	11.0	11.8	10785593	11.16	002221	东华能源	SZ
674	12/8/10	11.7	12.1	11.62	11.92	13414192	11.7	002221	东华能源	SZ
675	12/9/10	11.82	12.25	11.65	11.92	12036121	11.82	002221	东华能源	SZ
676	12/10/10	11.8	12.18	11.62	12.07	9847932	11.8	002221	东华能源	SZ
677	12/13/10	12.12	12.42	12.03	12.32	13336775	12.12	002221	东华能源	SZ
678	12/14/10	12.22	12.35	11.92	12.18	8053535	12.22	002221	东华能源	SZ
679	12/15/10	12.14	12.8	11.97	12.39	10442823	12.14	002221	东华能源	SZ
680	12/16/10	12.25	12.45	12.07	12.1	4837319	12.25	002221	东华能源	SZ
681	12/17/10	12.1	12.48	12.01	12.45	5545070	12.1	002221	东华能源	SZ
682	12/20/10	12.45	12.78	12.0	12.26	7027252	12.45	002221	东华能源	SZ
683	12/21/10	12.28	12.7	12.08	12.63	7631444	12.28	002221	东华能源	SZ
684	12/22/10	12.79	12.79	12.2	12.2	6582520	12.79	002221	东华能源	SZ
685	12/23/10	12.06	12.1	11.8	11.81	4912566	12.06	002221	东华能源	SZ
686	12/24/10	11.7	11.83	11.15	11.32	3523484	11.7	002221	东华能源	SZ
687	12/27/10	11.3	11.65	11.07	11.1	2728864	11.3	002221	东华能源	SZ
688	12/28/10	11.07	11.29	10.88	11.12	2397725	11.07	002221	东华能源	SZ
689	12/29/10	11.12	11.36	11.1	11.33	1593073	11.12	002221	东华能源	SZ
690	12/30/10	11.25	11.39	11.18	11.33	1874769	11.25	002221	东华能源	SZ
691	12/31/10	11.33	11.55	11.33	11.51	1912390	11.33	002221	东华能源	SZ
692	1/4/11	11.52	11.85	11.52	11.72	2899898	11.52	002221	东华能源	SZ
693	1/5/11	11.59	11.88	11.52	11.61	2057815	11.59	002221	东华能源	SZ
694	1/6/11	11.58	11.82	11.54	11.54	1536168	11.58	002221	东华能源	SZ
695	1/7/11	11.46	11.51	11.15	11.29	2110263	11.46	002221	东华能源	SZ
696	1/10/11	11.29	11.32	10.88	10.92	2091419	11.29	002221	东华能源	SZ
697	1/11/11	10.91	11.1	10.8	11.01	1079762	10.91	002221	东华能源	SZ
698	1/12/11	11.13	11.19	10.83	10.96	1047902	11.13	002221	东华能源	SZ
699	1/13/11	10.96	11.09	10.95	11.05	4273491	10.96	002221	东华能源	SZ
700	1/14/11	11.02	11.07	10.51	10.54	2418929	11.02	002221	东华能源	SZ
701	1/17/11	10.49	10.5	9.86	9.89	3158719	10.49	002221	东华能源	SZ
702	1/18/11	9.9	10.0	9.85	9.93	932632	9.9	002221	东华能源	SZ
703	1/19/11	10.03	10.11	9.9	10.06	2398747	10.03	002221	东华能源	SZ
704	1/20/11	10.06	10.06	9.5	9.7	2935078	10.06	002221	东华能源	SZ
705	1/21/11	9.65	9.98	9.61	9.97	2492545	9.65	002221	东华能源	SZ
706	1/24/11	9.88	10.2	9.83	10.15	2779567	9.88	002221	东华能源	SZ
707	1/25/11	10.11	10.13	9.92	10.11	1870640	10.11	002221	东华能源	SZ
708	1/26/11	10.05	10.65	10.05	10.55	5318586	10.05	002221	东华能源	SZ
709	1/27/11	10.48	10.68	10.35	10.45	5343136	10.48	002221	东华能源	SZ
710	1/28/11	10.4	10.91	10.35	10.77	5982236	10.4	002221	东华能源	SZ
711	1/31/11	10.68	10.87	10.61	10.77	2009801	10.68	002221	东华能源	SZ
712	2/1/11	10.81	10.83	10.4	10.57	2376287	10.81	002221	东华能源	SZ
713	2/9/11	10.45	11.09	10.45	11.0	10083447	10.45	002221	东华能源	SZ
714	2/10/11	11.0	11.2	10.87	11.11	13579712	11.0	002221	东华能源	SZ
715	2/11/11	11.11	11.11	10.88	10.98	5143027	11.11	002221	东华能源	SZ
716	2/14/11	10.98	11.11	10.91	11.0	4926216	10.98	002221	东华能源	SZ
717	2/15/11	11.06	11.1	10.86	10.89	5644314	11.06	002221	东华能源	SZ
718	2/16/11	10.85	11.03	10.82	10.94	3732929	10.85	002221	东华能源	SZ
719	2/17/11	10.94	11.14	10.94	11.1	5660869	10.94	002221	东华能源	SZ
720	2/18/11	11.09	11.19	10.8	10.91	4341833	11.09	002221	东华能源	SZ
721	2/21/11	10.9	11.14	10.88	11.14	4654616	10.9	002221	东华能源	SZ
722	2/22/11	11.29	11.45	11.03	11.11	7655505	11.29	002221	东华能源	SZ
723	2/23/11	11.08	11.12	10.84	10.91	3821009	11.08	002221	东华能源	SZ
724	2/24/11	10.96	11.15	10.93	11.01	4175897	10.96	002221	东华能源	SZ
725	2/25/11	11.01	11.05	10.81	10.95	3241873	11.01	002221	东华能源	SZ
726	2/28/11	10.94	11.12	10.82	11.08	3553425	10.94	002221	东华能源	SZ
727	3/1/11	11.08	11.33	10.94	11.29	7005356	11.08	002221	东华能源	SZ
728	3/2/11	11.19	11.29	10.97	11.15	4307788	11.19	002221	东华能源	SZ
729	3/3/11	11.15	11.44	11.02	11.06	5394412	11.15	002221	东华能源	SZ
730	3/4/11	10.93	11.0	10.74	10.96	4455388	10.93	002221	东华能源	SZ
731	3/7/11	11.0	11.35	10.93	11.33	6976052	11.0	002221	东华能源	SZ
732	3/8/11	11.21	11.44	11.18	11.4	4941404	11.21	002221	东华能源	SZ
733	3/9/11	11.44	11.52	11.28	11.33	3997800	11.44	002221	东华能源	SZ
734	3/10/11	11.36	11.77	11.32	11.6	9202427	11.36	002221	东华能源	SZ
735	3/11/11	11.5	11.95	11.46	11.7	8105583	11.5	002221	东华能源	SZ
736	3/14/11	11.7	11.95	11.46	11.56	6288271	11.7	002221	东华能源	SZ
737	3/15/11	11.5	11.55	11.05	11.33	4385328	11.5	002221	东华能源	SZ
738	3/16/11	11.29	11.42	11.21	11.35	3874475	11.29	002221	东华能源	SZ
739	3/17/11	11.27	11.35	10.93	10.94	3943970	11.27	002221	东华能源	SZ
740	3/18/11	11.06	11.17	11.0	11.06	2330466	11.06	002221	东华能源	SZ
741	3/21/11	11.0	11.33	10.98	11.29	3610888	11.0	002221	东华能源	SZ
742	3/22/11	11.29	11.37	11.07	11.21	1717440	11.29	002221	东华能源	SZ
743	3/23/11	11.27	11.53	11.12	11.51	4226516	11.27	002221	东华能源	SZ
744	3/24/11	11.55	11.58	11.38	11.53	3511891	11.55	002221	东华能源	SZ
745	3/25/11	11.54	11.69	11.45	11.59	3851266	11.54	002221	东华能源	SZ
746	3/28/11	11.62	11.7	11.4	11.48	4046286	11.62	002221	东华能源	SZ
747	3/29/11	11.45	11.46	11.05	11.07	4410045	11.45	002221	东华能源	SZ
748	3/30/11	11.11	11.17	10.9	10.97	2493088	11.11	002221	东华能源	SZ
749	3/31/11	11.0	11.08	10.53	10.56	3290680	11.0	002221	东华能源	SZ
750	4/1/11	10.56	10.56	10.56	10.56	0	10.56	002221	东华能源	SZ
751	4/6/11	10.58	10.77	10.58	10.73	1741695	10.58	002221	东华能源	SZ
752	4/7/11	10.82	10.95	10.82	10.9	1929992	10.82	002221	东华能源	SZ
753	4/8/11	10.86	10.9	10.8	10.87	2415804	10.86	002221	东华能源	SZ
754	4/11/11	10.81	10.9	10.7	10.7	2230683	10.81	002221	东华能源	SZ
755	4/12/11	10.69	10.69	10.4	10.47	3280083	10.69	002221	东华能源	SZ
756	4/13/11	10.44	10.56	10.3	10.54	1811701	10.44	002221	东华能源	SZ
757	4/14/11	10.55	10.62	10.52	10.59	1922649	10.55	002221	东华能源	SZ
758	4/15/11	10.57	10.67	10.43	10.66	2023910	10.57	002221	东华能源	SZ
759	4/18/11	10.61	10.67	10.48	10.55	1888295	10.61	002221	东华能源	SZ
760	4/19/11	10.55	10.55	10.55	10.55	0	10.55	002221	东华能源	SZ
761	4/20/11	10.49	10.5	10.3	10.48	2269993	10.49	002221	东华能源	SZ
762	4/21/11	10.51	10.61	10.49	10.52	2267874	10.51	002221	东华能源	SZ
763	4/22/11	10.52	10.58	10.38	10.4	1428258	10.52	002221	东华能源	SZ
764	4/25/11	10.4	10.42	10.05	10.08	1932996	10.4	002221	东华能源	SZ
765	4/26/11	10.08	10.16	9.91	10.16	1559479	10.08	002221	东华能源	SZ
766	4/27/11	11.18	11.18	10.63	10.77	17642372	11.18	002221	东华能源	SZ
767	4/28/11	10.34	10.37	9.9	9.99	6316224	10.34	002221	东华能源	SZ
768	4/29/11	9.98	9.98	9.55	9.92	3566947	9.98	002221	东华能源	SZ
769	5/3/11	9.95	10.15	9.95	10.15	2481327	9.95	002221	东华能源	SZ
770	5/4/11	10.18	11.09	10.1	10.44	6987232	10.18	002221	东华能源	SZ
771	5/5/11	10.42	10.59	10.23	10.36	2874404	10.42	002221	东华能源	SZ
772	5/6/11	10.36	10.4	10.13	10.24	2427824	10.36	002221	东华能源	SZ
773	5/9/11	10.24	10.39	10.2	10.33	1965632	10.24	002221	东华能源	SZ
774	5/10/11	10.28	10.57	10.28	10.53	2711822	10.28	002221	东华能源	SZ
775	5/11/11	10.56	10.62	10.42	10.55	2337619	10.56	002221	东华能源	SZ
776	5/12/11	10.48	10.83	10.47	10.58	3320574	10.48	002221	东华能源	SZ
777	5/13/11	10.57	10.75	10.37	10.66	2454044	10.57	002221	东华能源	SZ
778	5/16/11	10.54	10.66	10.4	10.4	1753279	10.54	002221	东华能源	SZ
779	5/17/11	10.4	10.45	10.14	10.3	1601352	10.4	002221	东华能源	SZ
780	5/18/11	10.3	10.38	10.21	10.36	1132517	10.3	002221	东华能源	SZ
781	5/19/11	10.36	10.43	10.25	10.27	1258140	10.36	002221	东华能源	SZ
782	5/20/11	10.3	10.32	10.11	10.12	1062155	10.3	002221	东华能源	SZ
783	5/23/11	10.06	10.14	9.73	9.73	1377771	10.06	002221	东华能源	SZ
784	5/24/11	9.66	9.88	9.6	9.81	822398	9.66	002221	东华能源	SZ
785	5/25/11	9.81	9.87	9.58	9.65	780081	9.81	002221	东华能源	SZ
786	5/26/11	9.69	9.85	9.6	9.64	861896	9.69	002221	东华能源	SZ
787	5/27/11	9.68	9.75	9.2	9.25	1041240	9.68	002221	东华能源	SZ
788	5/30/11	9.25	9.3	9.02	9.15	1028772	9.25	002221	东华能源	SZ
789	5/31/11	9.25	9.33	9.12	9.33	754494	9.25	002221	东华能源	SZ
790	6/1/11	9.33	9.42	9.2	9.35	875532	9.33	002221	东华能源	SZ
791	6/2/11	9.34	9.34	9.09	9.24	665030	9.34	002221	东华能源	SZ
792	6/3/11	9.2	9.41	9.18	9.34	1089259	9.2	002221	东华能源	SZ
793	6/7/11	9.34	9.45	9.3	9.4	944354	9.34	002221	东华能源	SZ
794	6/8/11	9.4	9.45	9.28	9.42	654046	9.4	002221	东华能源	SZ
795	6/9/11	9.41	9.46	9.21	9.26	549251	9.41	002221	东华能源	SZ
796	6/10/11	9.3	9.4	9.02	9.16	739786	9.3	002221	东华能源	SZ
797	6/13/11	9.08	9.16	8.99	9.14	675675	9.08	002221	东华能源	SZ
798	6/14/11	9.06	9.23	8.81	9.19	1538112	9.06	002221	东华能源	SZ
799	6/15/11	9.15	9.18	8.95	9.01	1174781	9.15	002221	东华能源	SZ
800	6/16/11	8.97	8.97	8.55	8.63	1539147	8.97	002221	东华能源	SZ
801	6/17/11	8.69	8.79	8.5	8.52	711051	8.69	002221	东华能源	SZ
802	6/20/11	8.55	8.59	8.18	8.26	867209	8.55	002221	东华能源	SZ
803	6/21/11	8.26	8.38	8.26	8.33	764064	8.26	002221	东华能源	SZ
804	6/22/11	8.33	8.39	8.33	8.35	390266	8.33	002221	东华能源	SZ
805	6/23/11	8.37	8.52	8.26	8.49	863755	8.37	002221	东华能源	SZ
806	6/24/11	8.44	8.75	8.39	8.7	1623248	8.44	002221	东华能源	SZ
807	6/27/11	8.55	8.84	8.55	8.76	3308022	8.55	002221	东华能源	SZ
808	6/28/11	8.77	8.77	8.68	8.74	1999249	8.77	002221	东华能源	SZ
809	6/29/11	8.81	8.81	8.62	8.63	1762900	8.81	002221	东华能源	SZ
810	6/30/11	8.66	8.75	8.64	8.7	1318124	8.66	002221	东华能源	SZ
811	7/1/11	8.7	8.75	8.66	8.7	1370210	8.7	002221	东华能源	SZ
812	7/4/11	8.7	8.91	8.7	8.91	2173311	8.7	002221	东华能源	SZ
813	7/5/11	8.91	8.97	8.86	8.93	1509224	8.91	002221	东华能源	SZ
814	7/6/11	8.95	9.09	8.9	9.05	2614122	8.95	002221	东华能源	SZ
815	7/7/11	9.0	9.09	8.96	9.02	1648020	9.0	002221	东华能源	SZ
816	7/8/11	9.08	9.15	8.94	9.01	1376150	9.08	002221	东华能源	SZ
817	7/11/11	8.99	9.07	8.95	9.02	1521210	8.99	002221	东华能源	SZ
818	7/12/11	9.0	9.0	8.8	8.81	1534020	9.0	002221	东华能源	SZ
819	7/13/11	8.79	9.06	8.79	9.05	1801670	8.79	002221	东华能源	SZ
820	7/14/11	9.06	9.18	9.06	9.17	2135648	9.06	002221	东华能源	SZ
821	7/15/11	9.2	9.34	9.16	9.28	2393767	9.2	002221	东华能源	SZ
822	7/18/11	9.28	9.33	9.16	9.25	1782314	9.28	002221	东华能源	SZ
823	7/19/11	9.18	9.27	9.06	9.08	1460348	9.18	002221	东华能源	SZ
824	7/20/11	9.13	9.25	9.09	9.15	1254671	9.13	002221	东华能源	SZ
825	7/21/11	9.2	9.2	8.97	9.02	1163718	9.2	002221	东华能源	SZ
826	7/22/11	9.01	9.1	9.0	9.04	959324	9.01	002221	东华能源	SZ
827	7/25/11	9.04	9.04	8.55	8.58	1424143	9.04	002221	东华能源	SZ
828	7/26/11	8.59	8.75	8.58	8.64	670698	8.59	002221	东华能源	SZ
829	7/27/11	8.65	8.9	8.62	8.82	871979	8.65	002221	东华能源	SZ
830	7/28/11	8.82	8.97	8.7	8.87	1084838	8.82	002221	东华能源	SZ
831	7/29/11	8.78	9.3	8.78	9.11	4863321	8.78	002221	东华能源	SZ
832	8/1/11	9.11	9.33	9.11	9.27	3464829	9.11	002221	东华能源	SZ
833	8/2/11	9.3	9.3	9.08	9.23	1715200	9.3	002221	东华能源	SZ
834	8/3/11	9.14	9.5	8.97	9.45	3804139	9.14	002221	东华能源	SZ
835	8/4/11	9.44	9.7	9.37	9.62	3616550	9.44	002221	东华能源	SZ
836	8/5/11	9.13	9.96	9.13	9.78	5068057	9.13	002221	东华能源	SZ
837	8/8/11	9.58	9.82	9.01	9.39	4314920	9.58	002221	东华能源	SZ
838	8/9/11	9.0	9.51	8.9	9.41	2834921	9.0	002221	东华能源	SZ
839	8/10/11	9.51	9.99	9.5	9.7	6518366	9.51	002221	东华能源	SZ
840	8/11/11	9.43	10.14	9.43	10.1	5538091	9.43	002221	东华能源	SZ
841	8/12/11	10.1	10.18	9.96	9.97	4885304	10.1	002221	东华能源	SZ
842	8/15/11	10.0	10.1	9.95	10.1	2286607	10.0	002221	东华能源	SZ
843	8/16/11	10.11	10.28	9.96	10.01	2478999	10.11	002221	东华能源	SZ
844	8/17/11	9.95	10.1	9.88	9.92	2122889	9.95	002221	东华能源	SZ
845	8/18/11	9.92	9.97	9.38	9.47	3554156	9.92	002221	东华能源	SZ
846	8/19/11	9.38	9.65	9.25	9.52	1890670	9.38	002221	东华能源	SZ
847	8/22/11	9.5	9.69	9.41	9.59	1507843	9.5	002221	东华能源	SZ
848	8/23/11	9.57	9.7	9.56	9.65	1234265	9.57	002221	东华能源	SZ
849	8/24/11	9.75	9.75	9.56	9.57	1110338	9.75	002221	东华能源	SZ
850	8/25/11	9.57	9.82	9.54	9.8	1203662	9.57	002221	东华能源	SZ
851	8/26/11	9.7	9.99	9.7	9.98	1374035	9.7	002221	东华能源	SZ
852	8/29/11	9.96	10.07	9.78	9.84	1498151	9.96	002221	东华能源	SZ
853	8/30/11	9.86	10.04	9.81	9.84	1435500	9.86	002221	东华能源	SZ
854	8/31/11	9.96	9.96	9.73	9.86	1070051	9.96	002221	东华能源	SZ
855	9/1/11	9.98	10.17	9.93	10.03	2277660	9.98	002221	东华能源	SZ
856	9/2/11	10.03	10.03	9.5	9.85	1119547	10.03	002221	东华能源	SZ
857	9/5/11	9.84	9.84	9.45	9.5	1143569	9.84	002221	东华能源	SZ
858	9/6/11	9.5	9.6	9.4	9.55	788827	9.5	002221	东华能源	SZ
859	9/7/11	9.62	9.9	9.56	9.8	929175	9.62	002221	东华能源	SZ
860	9/8/11	9.9	10.02	9.81	9.89	1373928	9.9	002221	东华能源	SZ
861	9/9/11	9.88	10.16	9.87	10.14	2312519	9.88	002221	东华能源	SZ
862	9/13/11	10.1	10.51	9.98	10.49	6408912	10.1	002221	东华能源	SZ
863	9/14/11	10.6	10.76	10.41	10.69	6801439	10.6	002221	东华能源	SZ
864	9/15/11	10.64	10.86	10.51	10.55	4013420	10.64	002221	东华能源	SZ
865	9/16/11	10.55	10.67	10.4	10.56	2896544	10.55	002221	东华能源	SZ
866	9/19/11	10.56	10.85	10.42	10.8	2737158	10.56	002221	东华能源	SZ
867	9/20/11	10.76	10.83	10.58	10.66	1887379	10.76	002221	东华能源	SZ
868	9/21/11	10.75	10.92	10.6	10.82	3036665	10.75	002221	东华能源	SZ
869	9/22/11	10.79	10.95	10.73	10.76	2447255	10.79	002221	东华能源	SZ
870	9/23/11	10.6	10.74	10.4	10.5	3353938	10.6	002221	东华能源	SZ
871	9/26/11	10.41	10.85	10.41	10.75	2437305	10.41	002221	东华能源	SZ
872	9/27/11	10.8	11.08	10.76	11.04	3743808	10.8	002221	东华能源	SZ
873	9/28/11	10.97	11.05	10.51	10.61	2721950	10.97	002221	东华能源	SZ
874	9/29/11	10.5	10.84	10.22	10.57	2567045	10.5	002221	东华能源	SZ
875	9/30/11	10.51	10.97	10.41	10.88	2516263	10.51	002221	东华能源	SZ
876	10/10/11	11.0	11.49	10.81	11.22	6385996	11.0	002221	东华能源	SZ
877	10/11/11	11.22	11.22	11.22	11.22	0	11.22	002221	东华能源	SZ
878	10/12/11	11.22	11.22	11.22	11.22	0	11.22	002221	东华能源	SZ
879	10/13/11	11.22	11.22	11.22	11.22	0	11.22	002221	东华能源	SZ
880	10/14/11	11.22	11.22	11.22	11.22	0	11.22	002221	东华能源	SZ
881	10/17/11	11.22	11.22	11.22	11.22	0	11.22	002221	东华能源	SZ
882	10/18/11	12.3	12.3	11.3	11.61	10500580	12.3	002221	东华能源	SZ
883	10/19/11	11.6	12.77	11.35	12.57	13355189	11.6	002221	东华能源	SZ
884	10/20/11	12.18	12.44	11.63	12.14	8904169	12.18	002221	东华能源	SZ
885	10/21/11	12.1	12.14	11.35	11.53	6278756	12.1	002221	东华能源	SZ
886	10/24/11	11.36	11.85	10.85	11.71	5433808	11.36	002221	东华能源	SZ
887	10/25/11	11.7	12.3	11.52	11.88	6717529	11.7	002221	东华能源	SZ
888	10/26/11	11.78	12.1	11.45	12.05	6290743	11.78	002221	东华能源	SZ
889	10/27/11	11.95	11.95	11.5	11.6	3762851	11.95	002221	东华能源	SZ
890	10/28/11	11.68	12.25	11.4	12.22	7253516	11.68	002221	东华能源	SZ
891	10/31/11	12.18	12.68	12.05	12.43	6973461	12.18	002221	东华能源	SZ
892	11/1/11	12.26	12.73	12.19	12.45	4755743	12.26	002221	东华能源	SZ
893	11/2/11	12.21	12.48	11.9	12.39	3679557	12.21	002221	东华能源	SZ
894	11/3/11	12.3	12.65	12.02	12.11	5615678	12.3	002221	东华能源	SZ
895	11/4/11	12.11	12.26	11.9	12.0	3409918	12.11	002221	东华能源	SZ
896	11/7/11	11.94	12.08	11.75	11.84	2366423	11.94	002221	东华能源	SZ
897	11/8/11	11.84	12.09	11.35	11.46	5038135	11.84	002221	东华能源	SZ
898	11/9/11	11.46	11.72	11.18	11.68	4014871	11.46	002221	东华能源	SZ
899	11/10/11	11.61	12.18	11.49	11.74	4327512	11.61	002221	东华能源	SZ
900	11/11/11	11.73	11.93	11.51	11.59	2233321	11.73	002221	东华能源	SZ
901	11/14/11	11.68	12.11	11.6	12.07	3559926	11.68	002221	东华能源	SZ
902	11/15/11	12.05	12.24	11.91	12.09	2317263	12.05	002221	东华能源	SZ
903	11/16/11	12.1	12.1	11.58	11.68	2996156	12.1	002221	东华能源	SZ
904	11/17/11	11.68	11.68	11.68	11.68	0	11.68	002221	东华能源	SZ
905	11/18/11	11.68	11.68	10.99	11.01	2822646	11.68	002221	东华能源	SZ
906	11/21/11	11.05	11.23	11.0	11.12	1203480	11.05	002221	东华能源	SZ
907	11/22/11	11.06	11.25	10.83	11.24	1607828	11.06	002221	东华能源	SZ
908	11/23/11	11.24	11.3	10.96	11.0	1733914	11.24	002221	东华能源	SZ
909	11/24/11	10.85	11.06	10.7	10.99	1710364	10.85	002221	东华能源	SZ
910	11/25/11	10.99	11.2	10.94	11.01	1264078	10.99	002221	东华能源	SZ
911	11/28/11	11.0	11.14	10.8	11.08	1215807	11.0	002221	东华能源	SZ
912	11/29/11	11.24	11.24	11.02	11.13	1223517	11.24	002221	东华能源	SZ
913	11/30/11	11.13	11.52	11.02	11.17	3529583	11.13	002221	东华能源	SZ
914	12/1/11	11.58	11.7	11.25	11.31	3447248	11.58	002221	东华能源	SZ
915	12/2/11	11.31	11.43	11.15	11.39	1895054	11.31	002221	东华能源	SZ
916	12/5/11	11.3	11.45	11.03	11.38	2242747	11.3	002221	东华能源	SZ
917	12/6/11	11.46	11.46	10.9	11.08	1831360	11.46	002221	东华能源	SZ
918	12/7/11	11.08	11.12	10.63	10.66	1779602	11.08	002221	东华能源	SZ
919	12/8/11	10.67	10.91	10.53	10.66	1334927	10.67	002221	东华能源	SZ
920	12/9/11	10.66	10.82	10.53	10.68	650868	10.66	002221	东华能源	SZ
921	12/12/11	10.67	10.67	9.61	9.69	3120720	10.67	002221	东华能源	SZ
922	12/13/11	9.4	9.58	8.87	8.9	2051605	9.4	002221	东华能源	SZ
923	12/14/11	8.93	9.14	8.89	8.97	1183385	8.93	002221	东华能源	SZ
924	12/15/11	8.96	8.96	8.3	8.33	1656955	8.96	002221	东华能源	SZ
925	12/16/11	8.36	8.66	8.33	8.66	1471318	8.36	002221	东华能源	SZ
926	12/19/11	8.67	8.77	8.45	8.72	1196847	8.67	002221	东华能源	SZ
927	12/20/11	8.68	8.95	8.62	8.68	1120816	8.68	002221	东华能源	SZ
928	12/21/11	8.71	8.86	7.88	7.89	1843870	8.71	002221	东华能源	SZ
929	12/22/11	7.9	8.48	7.4	8.3	3181770	7.9	002221	东华能源	SZ
930	12/23/11	8.19	8.38	8.01	8.16	1474772	8.19	002221	东华能源	SZ
931	12/26/11	8.01	8.18	8.0	8.04	810723	8.01	002221	东华能源	SZ
932	12/27/11	8.0	8.07	7.6	7.61	1161105	8.0	002221	东华能源	SZ
933	12/28/11	7.5	8.0	7.45	7.72	1493186	7.5	002221	东华能源	SZ
934	12/29/11	7.64	7.88	7.51	7.82	1820027	7.64	002221	东华能源	SZ
935	12/30/11	7.82	7.94	7.69	7.7	1810456	7.82	002221	东华能源	SZ
936	1/4/12	7.8	8.28	7.74	7.77	1984148	7.8	002221	东华能源	SZ
937	1/5/12	7.65	7.65	7.08	7.1	2054162	7.65	002221	东华能源	SZ
938	1/6/12	7.01	7.1	6.51	7.02	1481875	7.01	002221	东华能源	SZ
939	1/9/12	7.03	7.39	6.81	7.38	1512530	7.03	002221	东华能源	SZ
940	1/10/12	7.36	7.8	7.31	7.77	1917920	7.36	002221	东华能源	SZ
941	1/11/12	7.69	8.01	7.63	7.85	1947392	7.69	002221	东华能源	SZ
942	1/12/12	7.85	8.0	7.7	7.87	1334688	7.85	002221	东华能源	SZ
943	1/13/12	7.87	7.89	7.36	7.38	1611270	7.87	002221	东华能源	SZ
944	1/16/12	7.28	7.43	7.1	7.23	925796	7.28	002221	东华能源	SZ
945	1/17/12	7.2	7.71	7.2	7.7	1088582	7.2	002221	东华能源	SZ
946	1/18/12	7.66	7.87	7.55	7.62	1361428	7.66	002221	东华能源	SZ
947	1/19/12	7.63	7.69	7.43	7.63	848080	7.63	002221	东华能源	SZ
948	1/20/12	7.64	7.87	7.63	7.8	1030187	7.64	002221	东华能源	SZ
949	1/30/12	7.89	8.07	7.85	7.98	1687869	7.89	002221	东华能源	SZ
950	1/31/12	7.82	8.03	7.71	7.98	1146259	7.82	002221	东华能源	SZ
951	2/1/12	7.97	7.97	7.8	7.83	927446	7.97	002221	东华能源	SZ
952	2/2/12	7.82	7.91	7.74	7.91	1010997	7.82	002221	东华能源	SZ
953	2/3/12	7.99	8.11	7.93	8.03	1824315	7.99	002221	东华能源	SZ
954	2/6/12	8.0	8.77	8.0	8.66	5358254	8.0	002221	东华能源	SZ
955	2/7/12	8.56	8.56	8.25	8.33	2621251	8.56	002221	东华能源	SZ
956	2/8/12	8.39	8.82	8.39	8.6	3010729	8.39	002221	东华能源	SZ
957	2/9/12	8.64	8.85	8.54	8.73	2664273	8.64	002221	东华能源	SZ
958	2/10/12	8.67	8.83	8.6	8.69	1600121	8.67	002221	东华能源	SZ
959	2/13/12	8.52	8.82	8.44	8.71	1685208	8.52	002221	东华能源	SZ
960	2/14/12	8.71	8.77	8.56	8.63	1706715	8.71	002221	东华能源	SZ
961	2/15/12	8.63	8.76	8.46	8.75	2318835	8.63	002221	东华能源	SZ
962	2/16/12	8.71	8.98	8.69	8.87	1994258	8.71	002221	东华能源	SZ
963	2/17/12	8.89	9.3	8.88	9.2	3400199	8.89	002221	东华能源	SZ
964	2/20/12	9.32	9.54	9.18	9.18	2424662	9.32	002221	东华能源	SZ
965	2/21/12	9.11	9.2	8.91	9.2	1748875	9.11	002221	东华能源	SZ
966	2/22/12	9.21	9.28	9.15	9.27	1745431	9.21	002221	东华能源	SZ
967	2/23/12	9.27	9.27	9.27	9.27	0	9.27	002221	东华能源	SZ
968	2/24/12	9.35	9.49	9.0	9.37	2870896	9.35	002221	东华能源	SZ
969	2/27/12	9.35	9.48	9.31	9.31	2551408	9.35	002221	东华能源	SZ
970	2/28/12	9.42	9.58	9.23	9.4	3673193	9.42	002221	东华能源	SZ
971	2/29/12	9.35	9.43	9.16	9.21	2045777	9.35	002221	东华能源	SZ
972	3/1/12	9.2	9.48	9.2	9.36	2517118	9.2	002221	东华能源	SZ
973	3/2/12	9.45	9.61	9.31	9.6	2757246	9.45	002221	东华能源	SZ
974	3/5/12	9.72	10.16	9.72	9.83	3847928	9.72	002221	东华能源	SZ
975	3/6/12	9.81	10.23	9.61	10.13	4118503	9.81	002221	东华能源	SZ
976	3/7/12	10.07	10.56	9.92	10.29	4363266	10.07	002221	东华能源	SZ
977	3/8/12	10.29	10.65	10.12	10.17	3382568	10.29	002221	东华能源	SZ
978	3/9/12	10.15	10.48	10.15	10.31	2832239	10.15	002221	东华能源	SZ
979	3/12/12	10.28	10.45	10.21	10.34	1368539	10.28	002221	东华能源	SZ
980	3/13/12	10.34	10.44	10.25	10.35	1651298	10.34	002221	东华能源	SZ
981	3/14/12	10.31	10.48	9.7	9.81	3289618	10.31	002221	东华能源	SZ
982	3/15/12	9.81	9.92	9.46	9.68	2506235	9.81	002221	东华能源	SZ
983	3/16/12	9.8	10.18	9.73	10.14	3018725	9.8	002221	东华能源	SZ
984	3/19/12	10.18	10.68	10.15	10.67	4453234	10.18	002221	东华能源	SZ
985	3/20/12	10.67	11.21	10.66	10.76	5843564	10.67	002221	东华能源	SZ
986	3/21/12	10.65	10.98	10.35	10.93	3833006	10.65	002221	东华能源	SZ
987	3/22/12	10.84	10.94	10.65	10.7	2105892	10.84	002221	东华能源	SZ
988	3/23/12	10.7	10.7	10.23	10.37	1971391	10.7	002221	东华能源	SZ
989	3/26/12	10.43	10.6	10.26	10.39	892185	10.43	002221	东华能源	SZ
990	3/27/12	10.45	10.54	10.28	10.29	1161920	10.45	002221	东华能源	SZ
991	3/28/12	10.31	10.31	9.79	9.79	2241827	10.31	002221	东华能源	SZ
992	3/29/12	9.6	9.88	9.38	9.68	1567601	9.6	002221	东华能源	SZ
993	3/30/12	9.79	9.79	9.45	9.69	850630	9.79	002221	东华能源	SZ
994	4/5/12	9.69	10.25	9.63	10.25	1570049	9.69	002221	东华能源	SZ
995	4/6/12	10.3	10.81	10.2	10.81	2857811	10.3	002221	东华能源	SZ
996	4/9/12	10.79	11.03	10.51	10.68	2779091	10.79	002221	东华能源	SZ
997	4/10/12	10.65	10.65	10.28	10.58	3593808	10.65	002221	东华能源	SZ
998	4/11/12	10.4	11.2	10.35	11.04	4513350	10.4	002221	东华能源	SZ
999	4/12/12	11.04	11.17	10.9	11.09	2166842	11.04	002221	东华能源	SZ
1000	4/13/12	11.08	11.41	10.89	11.33	3313074	11.08	002221	东华能源	SZ
1001	4/16/12	11.34	11.38	11.13	11.21	2343925	11.34	002221	东华能源	SZ
1002	4/17/12	11.16	11.2	10.81	10.85	2203980	11.16	002221	东华能源	SZ
1003	4/18/12	10.92	11.49	10.92	11.43	3931317	10.92	002221	东华能源	SZ
1004	4/19/12	11.43	11.47	11.11	11.24	3093176	11.43	002221	东华能源	SZ
1005	4/20/12	11.21	11.68	11.12	11.54	4396810	11.21	002221	东华能源	SZ
1006	4/23/12	11.5	11.95	11.41	11.73	3198081	11.5	002221	东华能源	SZ
1007	4/24/12	11.7	11.79	10.8	11.45	4322292	11.7	002221	东华能源	SZ
1008	4/25/12	10.5	10.98	10.31	10.62	13137254	10.5	002221	东华能源	SZ
1009	4/26/12	10.41	10.5	10.24	10.31	4670888	10.41	002221	东华能源	SZ
1010	4/27/12	10.25	10.51	10.25	10.32	2112076	10.25	002221	东华能源	SZ
1011	5/2/12	10.37	10.5	10.26	10.32	2704522	10.37	002221	东华能源	SZ
1012	5/3/12	10.36	10.42	9.99	10.2	3110844	10.36	002221	东华能源	SZ
1013	5/4/12	10.21	10.42	10.12	10.42	2018598	10.21	002221	东华能源	SZ
1014	5/7/12	10.39	10.65	10.34	10.65	2554681	10.39	002221	东华能源	SZ
1015	5/8/12	10.65	10.93	10.62	10.73	3378869	10.65	002221	东华能源	SZ
1016	5/9/12	10.73	10.75	10.15	10.25	3397616	10.73	002221	东华能源	SZ
1017	5/10/12	10.18	10.43	10.18	10.38	2054185	10.18	002221	东华能源	SZ
1018	5/11/12	10.38	10.4	10.17	10.18	1246819	10.38	002221	东华能源	SZ
1019	5/14/12	10.26	10.43	9.99	10.31	2653434	10.26	002221	东华能源	SZ
1020	5/15/12	10.31	10.31	10.31	10.31	0	10.31	002221	东华能源	SZ
1021	5/16/12	10.29	10.3	10.01	10.04	1144333	10.29	002221	东华能源	SZ
1022	5/17/12	10.3	10.31	10.07	10.26	876337	10.3	002221	东华能源	SZ
1023	5/18/12	10.24	10.28	9.98	9.99	1396576	10.24	002221	东华能源	SZ
1024	5/21/12	10.0	10.11	9.64	9.88	1905930	10.0	002221	东华能源	SZ
1025	5/22/12	9.88	10.04	9.76	10.01	1244836	9.88	002221	东华能源	SZ
1026	5/23/12	10.01	10.13	10.01	10.11	890207	10.01	002221	东华能源	SZ
1027	5/24/12	10.1	10.22	10.01	10.07	907011	10.1	002221	东华能源	SZ
1028	5/25/12	10.12	10.24	10.01	10.2	1064427	10.12	002221	东华能源	SZ
1029	5/28/12	10.22	10.58	10.21	10.58	3355058	10.22	002221	东华能源	SZ
1030	5/29/12	10.46	10.7	10.44	10.5	2154619	10.46	002221	东华能源	SZ
1031	5/30/12	10.5	10.58	10.3	10.32	1358404	10.5	002221	东华能源	SZ
1032	5/31/12	10.25	10.38	10.13	10.26	1109829	10.25	002221	东华能源	SZ
1033	6/1/12	10.26	10.32	10.1	10.1	999962	10.26	002221	东华能源	SZ
1034	6/4/12	9.97	9.97	9.6	9.62	1311776	9.97	002221	东华能源	SZ
1035	6/5/12	9.72	9.75	9.09	9.2	2557163	9.72	002221	东华能源	SZ
1036	6/6/12	9.21	9.38	9.13	9.32	997652	9.21	002221	东华能源	SZ
1037	6/7/12	9.41	9.66	9.41	9.44	1192551	9.41	002221	东华能源	SZ
1038	6/8/12	9.47	9.57	9.25	9.25	558561	9.47	002221	东华能源	SZ
1039	6/11/12	9.28	9.39	9.18	9.35	669011	9.28	002221	东华能源	SZ
1040	6/12/12	9.3	9.3	9.16	9.18	852825	9.3	002221	东华能源	SZ
1041	6/13/12	9.3	9.44	9.23	9.4	966765	9.3	002221	东华能源	SZ
1042	6/14/12	9.37	9.54	9.3	9.37	785669	9.37	002221	东华能源	SZ
1043	6/15/12	9.31	9.48	9.25	9.38	397505	9.31	002221	东华能源	SZ
1044	6/18/12	9.38	9.48	9.38	9.48	570575	9.38	002221	东华能源	SZ
1045	6/19/12	9.45	9.52	9.4	9.43	388902	9.45	002221	东华能源	SZ
1046	6/20/12	9.45	9.45	9.1	9.19	1084557	9.45	002221	东华能源	SZ
1047	6/21/12	9.18	9.18	8.73	8.78	1630321	9.18	002221	东华能源	SZ
1048	6/25/12	8.78	8.78	8.78	8.78	0	8.78	002221	东华能源	SZ
1049	6/26/12	8.48	8.5	8.2	8.42	1443833	8.48	002221	东华能源	SZ
1050	6/27/12	8.43	8.79	8.38	8.58	1296401	8.43	002221	东华能源	SZ
1051	6/28/12	8.6	8.6	8.25	8.25	955606	8.6	002221	东华能源	SZ
1052	6/29/12	8.28	8.29	8.02	8.26	714431	8.28	002221	东华能源	SZ
1053	7/2/12	8.35	8.47	8.3	8.36	873894	8.35	002221	东华能源	SZ
1054	7/3/12	9.2	9.2	9.2	9.2	899875	9.2	002221	东华能源	SZ
1055	7/4/12	10.0	10.0	9.41	9.5	7613128	10.0	002221	东华能源	SZ
1056	7/5/12	9.35	9.85	9.25	9.7	4786722	9.35	002221	东华能源	SZ
1057	7/6/12	9.7	9.75	9.3	9.6	4043795	9.7	002221	东华能源	SZ
1058	7/9/12	9.54	10.2	9.41	9.72	5242858	9.54	002221	东华能源	SZ
1059	7/10/12	9.64	9.9	9.43	9.79	3627679	9.64	002221	东华能源	SZ
1060	7/11/12	9.7	9.84	9.5	9.55	2884633	9.7	002221	东华能源	SZ
1061	7/12/12	9.5	9.87	9.43	9.85	3152860	9.5	002221	东华能源	SZ
1062	7/13/12	9.75	10.0	9.65	9.77	2805709	9.75	002221	东华能源	SZ
1063	7/16/12	9.85	10.16	9.65	9.95	6534195	9.85	002221	东华能源	SZ
1064	7/17/12	9.87	10.38	9.7	10.36	7234954	9.87	002221	东华能源	SZ
1065	7/18/12	10.22	10.55	10.17	10.38	5901078	10.22	002221	东华能源	SZ
1066	7/19/12	10.3	10.49	10.02	10.09	5377288	10.3	002221	东华能源	SZ
1067	7/20/12	10.09	10.29	10.01	10.04	2860587	10.09	002221	东华能源	SZ
1068	7/23/12	10.0	10.0	9.57	9.7	3170170	10.0	002221	东华能源	SZ
1069	7/24/12	9.55	9.87	9.51	9.75	1528262	9.55	002221	东华能源	SZ
1070	7/25/12	9.7	9.94	9.63	9.75	1475160	9.7	002221	东华能源	SZ
1071	7/26/12	9.7	9.79	9.43	9.49	2068911	9.7	002221	东华能源	SZ
1072	7/27/12	9.49	9.55	8.54	8.61	6132050	9.49	002221	东华能源	SZ
1073	7/30/12	8.65	8.67	8.4	8.44	1907774	8.65	002221	东华能源	SZ
1074	7/31/12	8.44	8.51	8.17	8.29	2080400	8.44	002221	东华能源	SZ
1075	8/1/12	8.23	8.56	8.23	8.48	1333130	8.23	002221	东华能源	SZ
1076	8/2/12	8.48	8.54	8.38	8.5	938930	8.48	002221	东华能源	SZ
1077	8/3/12	8.55	8.9	8.55	8.81	1902868	8.55	002221	东华能源	SZ
1078	8/6/12	8.73	9.68	8.63	9.46	5977473	8.73	002221	东华能源	SZ
1079	8/7/12	9.45	9.45	9.16	9.34	4234195	9.45	002221	东华能源	SZ
1080	8/8/12	9.3	9.38	9.18	9.28	2022341	9.3	002221	东华能源	SZ
1081	8/9/12	9.28	9.63	9.24	9.57	3746820	9.28	002221	东华能源	SZ
1082	8/10/12	9.52	9.9	9.5	9.5	4156251	9.52	002221	东华能源	SZ
1083	8/13/12	9.41	9.41	9.14	9.21	2613286	9.41	002221	东华能源	SZ
1084	8/14/12	9.19	9.84	9.15	9.74	5162004	9.19	002221	东华能源	SZ
1085	8/15/12	9.74	9.92	9.47	9.5	4549850	9.74	002221	东华能源	SZ
1086	8/16/12	9.46	9.46	9.21	9.3	2001602	9.46	002221	东华能源	SZ
1087	8/17/12	9.3	9.5	9.21	9.31	1308694	9.3	002221	东华能源	SZ
1088	8/20/12	9.33	9.46	9.15	9.42	1218664	9.33	002221	东华能源	SZ
1089	8/21/12	9.42	9.65	9.36	9.48	1850497	9.42	002221	东华能源	SZ
1090	8/22/12	9.49	9.84	9.46	9.68	4697161	9.49	002221	东华能源	SZ
1091	8/23/12	9.66	9.74	9.45	9.52	3240073	9.66	002221	东华能源	SZ
1092	8/24/12	9.47	9.89	9.41	9.79	5479597	9.47	002221	东华能源	SZ
1093	8/27/12	9.76	10.03	9.65	9.8	6212651	9.76	002221	东华能源	SZ
1094	8/28/12	9.8	9.8	9.36	9.66	3708633	9.8	002221	东华能源	SZ
1095	8/29/12	9.6	9.64	9.3	9.32	3027645	9.6	002221	东华能源	SZ
1096	8/30/12	9.3	9.4	8.46	8.72	3974697	9.3	002221	东华能源	SZ
1097	8/31/12	8.8	8.94	8.58	8.85	1810342	8.8	002221	东华能源	SZ
1098	9/3/12	8.85	9.16	8.7	8.99	2063813	8.85	002221	东华能源	SZ
1099	9/4/12	9.05	9.25	9.01	9.01	2279136	9.05	002221	东华能源	SZ
1100	9/5/12	9.02	9.15	8.96	9.04	1069230	9.02	002221	东华能源	SZ
1101	9/6/12	9.1	9.2	9.03	9.12	867657	9.1	002221	东华能源	SZ
1102	9/7/12	9.18	9.65	9.16	9.51	3513349	9.18	002221	东华能源	SZ
1103	9/10/12	9.51	9.95	9.48	9.89	5117451	9.51	002221	东华能源	SZ
1104	9/11/12	9.94	10.22	9.75	9.79	8148296	9.94	002221	东华能源	SZ
1105	9/12/12	9.72	10.16	9.72	9.91	5198470	9.72	002221	东华能源	SZ
1106	9/13/12	9.94	10.16	9.8	9.87	3189716	9.94	002221	东华能源	SZ
1107	9/14/12	9.89	10.1	9.65	9.8	2776003	9.89	002221	东华能源	SZ
1108	9/17/12	9.8	9.93	9.57	9.57	1585895	9.8	002221	东华能源	SZ
1109	9/18/12	9.5	9.9	9.45	9.67	3132679	9.5	002221	东华能源	SZ
1110	9/19/12	9.69	9.79	9.52	9.69	1362268	9.69	002221	东华能源	SZ
1111	9/20/12	9.71	10.03	9.43	9.46	3492357	9.71	002221	东华能源	SZ
1112	9/21/12	9.15	9.52	9.15	9.28	1740167	9.15	002221	东华能源	SZ
1113	9/24/12	9.2	9.92	9.12	9.85	2683742	9.2	002221	东华能源	SZ
1114	9/25/12	9.9	10.06	9.75	9.94	3586819	9.9	002221	东华能源	SZ
1115	9/26/12	9.94	9.96	9.55	9.6	2031957	9.94	002221	东华能源	SZ
1116	9/27/12	9.57	10.03	9.57	9.99	4299383	9.57	002221	东华能源	SZ
1117	9/28/12	9.93	10.15	9.91	10.01	4390945	9.93	002221	东华能源	SZ
1118	10/8/12	10.06	10.24	9.95	10.05	2657408	10.06	002221	东华能源	SZ
1119	10/9/12	10.09	10.35	10.09	10.33	6469585	10.09	002221	东华能源	SZ
1120	10/10/12	10.3	10.3	10.11	10.26	3894944	10.3	002221	东华能源	SZ
1121	10/11/12	10.17	10.17	9.85	9.92	4167379	10.17	002221	东华能源	SZ
1122	10/12/12	9.93	10.01	9.82	9.99	2079161	9.93	002221	东华能源	SZ
1123	10/15/12	10.01	10.08	9.86	10.07	2603310	10.01	002221	东华能源	SZ
1124	10/16/12	10.07	10.09	9.68	9.71	3741148	10.07	002221	东华能源	SZ
1125	10/17/12	9.7	9.85	9.68	9.8	1543762	9.7	002221	东华能源	SZ
1126	10/18/12	9.95	10.78	9.95	10.78	6358422	9.95	002221	东华能源	SZ
1127	10/19/12	11.19	11.4	10.73	11.09	20428898	11.19	002221	东华能源	SZ
1128	10/22/12	10.9	11.78	10.81	11.5	15329538	10.9	002221	东华能源	SZ
1129	10/23/12	11.34	11.73	11.1	11.2	10281864	11.34	002221	东华能源	SZ
1130	10/24/12	11.2	11.2	11.2	11.2	0	11.2	002221	东华能源	SZ
1131	10/25/12	10.89	12.32	10.89	11.23	17549060	10.89	002221	东华能源	SZ
1132	10/26/12	11.06	11.54	11.0	11.28	8738812	11.06	002221	东华能源	SZ
1133	10/29/12	11.18	11.51	10.8	11.16	6719088	11.18	002221	东华能源	SZ
1134	10/30/12	11.1	11.3	10.45	10.52	8886503	11.1	002221	东华能源	SZ
1135	10/31/12	10.56	10.77	10.31	10.7	5512334	10.56	002221	东华能源	SZ
1136	11/1/12	10.67	10.96	10.6	10.8	5695768	10.67	002221	东华能源	SZ
1137	11/2/12	10.75	11.0	10.63	10.78	3926847	10.75	002221	东华能源	SZ
1138	11/5/12	10.7	11.09	10.7	10.84	5612369	10.7	002221	东华能源	SZ
1139	11/6/12	10.92	11.23	10.62	11.19	9227214	10.92	002221	东华能源	SZ
1140	11/7/12	11.1	11.47	11.01	11.25	6286879	11.1	002221	东华能源	SZ
1141	11/8/12	11.05	11.06	10.62	10.63	5181905	11.05	002221	东华能源	SZ
1142	11/9/12	10.5	10.94	10.5	10.8	3595078	10.5	002221	东华能源	SZ
1143	11/12/12	10.8	11.33	10.8	11.18	5180868	10.8	002221	东华能源	SZ
1144	11/13/12	11.18	11.45	11.09	11.11	6115262	11.18	002221	东华能源	SZ
1145	11/14/12	10.99	11.2	10.75	11.16	3543121	10.99	002221	东华能源	SZ
1146	11/15/12	11.1	11.69	11.1	11.43	7810406	11.1	002221	东华能源	SZ
1147	11/16/12	11.4	12.28	11.29	11.6	10594605	11.4	002221	东华能源	SZ
1148	11/19/12	11.71	12.08	11.13	11.92	7549209	11.71	002221	东华能源	SZ
1149	11/20/12	12.0	12.15	11.65	11.71	5343438	12.0	002221	东华能源	SZ
1150	11/21/12	11.78	11.98	11.47	11.92	4615401	11.78	002221	东华能源	SZ
1151	11/22/12	11.87	12.38	11.75	12.32	9228699	11.87	002221	东华能源	SZ
1152	11/23/12	12.33	12.55	12.12	12.4	7748229	12.33	002221	东华能源	SZ
1153	11/26/12	12.35	12.39	11.83	11.88	5883559	12.35	002221	东华能源	SZ
1154	11/27/12	11.77	11.84	10.92	10.93	7298451	11.77	002221	东华能源	SZ
1155	11/28/12	10.89	11.2	10.58	11.07	5453983	10.89	002221	东华能源	SZ
1156	11/29/12	11.04	11.14	10.7	11.02	3365574	11.04	002221	东华能源	SZ
1157	11/30/12	10.98	11.2	10.83	11.09	3465144	10.98	002221	东华能源	SZ
1158	12/3/12	11.05	11.38	10.76	10.78	3488363	11.05	002221	东华能源	SZ
1159	12/4/12	10.67	11.25	10.67	11.16	5023927	10.67	002221	东华能源	SZ
1160	12/5/12	11.14	11.83	11.05	11.72	5987709	11.14	002221	东华能源	SZ
1161	12/6/12	11.72	12.14	11.6	12.0	5358985	11.72	002221	东华能源	SZ
1162	12/7/12	11.99	12.15	11.7	12.07	5242963	11.99	002221	东华能源	SZ
1163	12/10/12	11.96	12.55	11.92	12.4	8053436	11.96	002221	东华能源	SZ
1164	12/11/12	12.38	12.78	12.12	12.17	6803413	12.38	002221	东华能源	SZ
1165	12/12/12	12.1	12.65	12.1	12.55	5717931	12.1	002221	东华能源	SZ
1166	12/13/12	12.48	12.84	12.31	12.38	4004826	12.48	002221	东华能源	SZ
1167	12/14/12	12.4	13.04	12.35	12.99	6142268	12.4	002221	东华能源	SZ
1168	12/17/12	12.99	13.14	12.7	12.82	3611027	12.99	002221	东华能源	SZ
1169	12/18/12	12.82	13.1	12.47	12.48	4602139	12.82	002221	东华能源	SZ
1170	12/19/12	12.55	12.65	12.21	12.6	3646049	12.55	002221	东华能源	SZ
1171	12/20/12	12.54	12.65	12.22	12.49	3528291	12.54	002221	东华能源	SZ
1172	12/21/12	12.52	12.7	12.38	12.5	3015744	12.52	002221	东华能源	SZ
1173	12/24/12	12.42	13.14	12.42	13.02	6143414	12.42	002221	东华能源	SZ
1174	12/25/12	13.0	13.48	12.94	13.32	6455260	13.0	002221	东华能源	SZ
1175	12/26/12	13.3	13.64	13.2	13.44	4973408	13.3	002221	东华能源	SZ
1176	12/27/12	13.36	13.42	13.08	13.1	3879353	13.36	002221	东华能源	SZ
1177	12/28/12	13.07	13.33	12.86	13.28	3464479	13.07	002221	东华能源	SZ
1178	12/31/12	13.22	13.93	13.22	13.74	5373533	13.22	002221	东华能源	SZ
1179	1/4/13	13.85	14.11	13.6	14.04	4679476	13.85	002221	东华能源	SZ
1180	1/7/13	14.0	14.11	13.75	13.89	3662154	14.0	002221	东华能源	SZ
1181	1/8/13	13.97	14.49	13.87	14.28	5090989	13.97	002221	东华能源	SZ
1182	1/9/13	14.49	15.71	14.49	15.63	14865298	14.49	002221	东华能源	SZ
1183	1/10/13	15.25	15.85	15.08	15.7	11402994	15.25	002221	东华能源	SZ
1184	1/11/13	15.65	16.5	15.07	15.11	12757524	15.65	002221	东华能源	SZ
1185	1/14/13	15.18	16.49	15.16	16.22	10198861	15.18	002221	东华能源	SZ
1186	1/15/13	16.49	16.73	16.02	16.5	7525072	16.49	002221	东华能源	SZ
1187	1/16/13	16.3	16.7	15.81	16.23	6346572	16.3	002221	东华能源	SZ
1188	1/17/13	16.58	16.78	16.08	16.33	7052894	16.58	002221	东华能源	SZ
1189	1/18/13	16.3	16.76	15.76	16.5	8061939	16.3	002221	东华能源	SZ
1190	1/21/13	16.48	17.95	16.42	17.69	7203083	16.48	002221	东华能源	SZ
1191	1/22/13	17.65	18.6	17.15	17.42	6804290	17.65	002221	东华能源	SZ
1192	1/23/13	17.3	18.1	17.3	18.01	4656027	17.3	002221	东华能源	SZ
1193	1/24/13	18.04	19.11	18.01	18.64	8937043	18.04	002221	东华能源	SZ
1194	1/25/13	18.5	18.96	18.12	18.25	5534254	18.5	002221	东华能源	SZ
1195	1/28/13	18.01	18.83	17.6	18.75	5767032	18.01	002221	东华能源	SZ
1196	1/29/13	18.75	19.26	18.51	18.92	4277942	18.75	002221	东华能源	SZ
1197	1/30/13	18.92	18.99	18.21	18.42	3876722	18.92	002221	东华能源	SZ
1198	1/31/13	18.44	18.5	17.35	17.5	6940308	18.44	002221	东华能源	SZ
1199	2/1/13	17.45	17.93	17.1	17.65	3774392	17.45	002221	东华能源	SZ
1200	2/4/13	17.72	18.68	17.34	17.94	6145312	17.72	002221	东华能源	SZ
1201	2/5/13	17.83	18.1	17.51	17.86	2618161	17.83	002221	东华能源	SZ
1202	2/6/13	17.9	18.5	17.84	17.85	2224778	17.9	002221	东华能源	SZ
1203	2/7/13	18.11	19.6	17.9	19.48	7235239	18.11	002221	东华能源	SZ
1204	2/8/13	19.55	20.9	19.12	20.09	6133406	19.55	002221	东华能源	SZ
1205	2/18/13	20.12	20.78	20.11	20.28	4287964	20.12	002221	东华能源	SZ
1206	2/19/13	20.28	20.73	19.4	19.57	5104504	20.28	002221	东华能源	SZ
1207	2/20/13	19.83	20.15	18.81	20.1	5685538	19.83	002221	东华能源	SZ
1208	2/21/13	19.94	19.99	19.25	19.7	3474899	19.94	002221	东华能源	SZ
1209	2/22/13	19.6	19.75	19.29	19.4	2626163	19.6	002221	东华能源	SZ
1210	2/25/13	19.43	20.0	19.43	19.91	2842270	19.43	002221	东华能源	SZ
1211	2/26/13	19.83	20.89	19.83	20.25	4265330	19.83	002221	东华能源	SZ
1212	2/27/13	20.49	20.5	18.23	18.23	10608354	20.49	002221	东华能源	SZ
1213	2/28/13	18.2	18.71	17.03	18.42	8705880	18.2	002221	东华能源	SZ
1214	3/1/13	18.01	18.43	17.77	18.29	5480543	18.01	002221	东华能源	SZ
1215	3/4/13	18.05	18.14	17.29	17.5	7474960	18.05	002221	东华能源	SZ
1216	3/5/13	17.5	18.03	17.5	17.78	3206994	17.5	002221	东华能源	SZ
1217	3/6/13	17.86	18.43	17.84	18.15	4004830	17.86	002221	东华能源	SZ
1218	3/7/13	18.1	19.29	18.1	18.71	6664304	18.1	002221	东华能源	SZ
1219	3/8/13	18.69	19.3	18.18	18.4	4480862	18.69	002221	东华能源	SZ
1220	3/11/13	18.9	18.92	18.03	18.13	3754637	18.9	002221	东华能源	SZ
1221	3/12/13	18.13	18.18	17.35	17.61	3759308	18.13	002221	东华能源	SZ
1222	3/13/13	17.6	17.6	16.78	17.0	3243207	17.6	002221	东华能源	SZ
1223	3/14/13	16.95	17.5	16.93	17.22	4269068	16.95	002221	东华能源	SZ
1224	3/15/13	17.26	17.89	17.2	17.48	3251419	17.26	002221	东华能源	SZ
1225	3/18/13	17.35	18.25	17.2	17.6	3373750	17.35	002221	东华能源	SZ
1226	3/19/13	17.62	18.04	16.8	17.83	4829587	17.62	002221	东华能源	SZ
1227	3/20/13	17.77	18.42	17.61	18.42	4480351	17.77	002221	东华能源	SZ
1228	3/21/13	18.74	18.78	18.2	18.7	3417710	18.74	002221	东华能源	SZ
1229	3/22/13	18.7	19.13	18.3	19.1	3982497	18.7	002221	东华能源	SZ
1230	3/25/13	19.25	19.47	18.81	18.87	3941006	19.25	002221	东华能源	SZ
1231	3/26/13	18.87	18.87	18.2	18.4	2805203	18.87	002221	东华能源	SZ
1232	3/27/13	18.65	18.97	18.43	18.67	2491076	18.65	002221	东华能源	SZ
1233	3/28/13	18.68	18.94	18.2	18.5	2364239	18.68	002221	东华能源	SZ
1234	3/29/13	18.46	18.79	17.67	17.67	2357649	18.46	002221	东华能源	SZ
1235	4/1/13	17.58	18.12	17.33	17.88	2349115	17.58	002221	东华能源	SZ
1236	4/2/13	18.04	18.27	17.77	17.98	1931743	18.04	002221	东华能源	SZ
1237	4/3/13	18.02	18.18	17.51	18.01	1671596	18.02	002221	东华能源	SZ
1238	4/8/13	17.98	18.8	17.4	18.8	3795097	17.98	002221	东华能源	SZ
1239	4/9/13	18.91	20.05	18.8	19.8	6533654	18.91	002221	东华能源	SZ
1240	4/10/13	19.75	20.18	19.58	19.68	3560964	19.75	002221	东华能源	SZ
1241	4/11/13	19.72	20.46	19.7	20.0	4415121	19.72	002221	东华能源	SZ
1242	4/12/13	19.95	20.19	19.6	19.8	2183262	19.95	002221	东华能源	SZ
1243	4/15/13	19.98	19.98	18.82	18.83	2845835	19.98	002221	东华能源	SZ
1244	4/16/13	18.48	18.9	18.22	18.63	2757729	18.48	002221	东华能源	SZ
1245	4/17/13	18.69	20.38	18.69	20.38	5505261	18.69	002221	东华能源	SZ
1246	4/18/13	10.24	10.39	9.81	10.2	11575342	10.24	002221	东华能源	SZ
1247	4/19/13	10.11	10.99	9.98	10.8	16611408	10.11	002221	东华能源	SZ
1248	4/22/13	10.6	11.53	10.46	11.06	17362482	10.6	002221	东华能源	SZ
1249	4/23/13	11.13	11.48	10.88	11.18	13371021	11.13	002221	东华能源	SZ
1250	4/24/13	11.15	11.7	11.07	11.32	10945677	11.15	002221	东华能源	SZ
1251	4/25/13	11.32	11.53	10.85	10.85	11121181	11.32	002221	东华能源	SZ
1252	4/26/13	10.87	10.96	10.25	10.61	8919763	10.87	002221	东华能源	SZ
1253	5/2/13	10.48	11.49	10.48	11.45	8804626	10.48	002221	东华能源	SZ
1254	5/3/13	11.4	12.3	11.31	12.12	14281492	11.4	002221	东华能源	SZ
1255	5/6/13	12.1	12.45	11.97	12.14	13898324	12.1	002221	东华能源	SZ
1256	5/7/13	12.03	13.25	12.01	12.97	17362970	12.03	002221	东华能源	SZ
1257	5/8/13	13.0	13.42	12.76	12.98	13247242	13.0	002221	东华能源	SZ
1258	5/9/13	13.0	13.63	12.77	13.1	13899591	13.0	002221	东华能源	SZ
1259	5/10/13	13.01	13.28	12.79	12.86	9307387	13.01	002221	东华能源	SZ
1260	5/13/13	12.79	13.18	12.5	12.98	8026667	12.79	002221	东华能源	SZ
1261	5/14/13	12.91	13.3	12.75	13.09	7044452	12.91	002221	东华能源	SZ
1262	5/15/13	13.09	13.09	13.09	13.09	0	13.09	002221	东华能源	SZ
1263	5/16/13	13.4	14.36	13.38	13.95	14960939	13.4	002221	东华能源	SZ
1264	5/17/13	13.9	14.12	13.42	13.8	10625895	13.9	002221	东华能源	SZ
1265	5/20/13	13.78	13.9	13.65	13.88	8395464	13.78	002221	东华能源	SZ
1266	5/21/13	13.75	13.85	13.34	13.68	10570416	13.75	002221	东华能源	SZ
1267	5/22/13	13.63	14.16	13.6	13.73	8628310	13.63	002221	东华能源	SZ
1268	5/23/13	13.59	13.7	13.2	13.21	9008032	13.59	002221	东华能源	SZ
1269	5/24/13	13.29	13.49	13.1	13.4	5009533	13.29	002221	东华能源	SZ
1270	5/27/13	13.33	13.59	13.0	13.12	9340274	13.33	002221	东华能源	SZ
1271	5/28/13	13.12	13.37	13.0	13.14	6958909	13.12	002221	东华能源	SZ
1272	5/29/13	13.27	13.8	13.1	13.65	12321785	13.27	002221	东华能源	SZ
1273	5/30/13	13.56	13.76	13.39	13.43	6882787	13.56	002221	东华能源	SZ
1274	5/31/13	13.42	13.53	12.8	12.88	12031893	13.42	002221	东华能源	SZ
1275	6/3/13	12.87	12.95	12.59	12.68	5602470	12.87	002221	东华能源	SZ
1276	6/4/13	12.63	12.84	12.39	12.78	4935553	12.63	002221	东华能源	SZ
1277	6/5/13	12.84	12.94	12.7	12.92	3978651	12.84	002221	东华能源	SZ
1278	6/6/13	12.92	13.46	12.92	13.1	8542523	12.92	002221	东华能源	SZ
1279	6/7/13	13.1	13.2	12.51	12.73	4846060	13.1	002221	东华能源	SZ
1280	6/13/13	12.6	12.61	11.52	11.75	5517698	12.6	002221	东华能源	SZ
1281	6/14/13	11.97	12.16	11.68	12.0	3907180	11.97	002221	东华能源	SZ
1282	6/17/13	12.01	12.52	11.8	12.42	4748258	12.01	002221	东华能源	SZ
1283	6/18/13	12.5	12.5	12.08	12.39	3924078	12.5	002221	东华能源	SZ
1284	6/19/13	12.45	12.45	11.97	12.25	3880864	12.45	002221	东华能源	SZ
1285	6/20/13	12.3	12.3	11.3	11.69	6939035	12.3	002221	东华能源	SZ
1286	6/21/13	11.49	11.49	10.52	11.1	5796620	11.49	002221	东华能源	SZ
1287	6/24/13	11.12	11.12	9.99	9.99	7509413	11.12	002221	东华能源	SZ
1288	6/25/13	9.89	10.33	8.99	10.2	10136266	9.89	002221	东华能源	SZ
1289	6/26/13	10.2	10.71	9.94	10.53	9577451	10.2	002221	东华能源	SZ
1290	6/27/13	10.55	11.13	10.3	10.42	7571571	10.55	002221	东华能源	SZ
1291	6/28/13	10.26	10.93	10.1	10.68	6001177	10.26	002221	东华能源	SZ
1292	7/1/13	10.95	11.2	10.7	11.06	4419180	10.95	002221	东华能源	SZ
1293	7/2/13	11.06	11.77	11.01	11.6	8176343	11.06	002221	东华能源	SZ
1294	7/3/13	11.6	12.04	11.4	11.91	8228985	11.6	002221	东华能源	SZ
1295	7/4/13	11.88	12.15	11.72	11.78	4167101	11.88	002221	东华能源	SZ
1296	7/5/13	11.84	11.84	11.12	11.12	7907587	11.84	002221	东华能源	SZ
1297	7/8/13	10.9	11.44	10.6	10.85	5823595	10.9	002221	东华能源	SZ
1298	7/9/13	10.8	11.0	10.7	10.94	3098590	10.8	002221	东华能源	SZ
1299	7/10/13	11.0	11.04	10.65	10.94	6105843	11.0	002221	东华能源	SZ
1300	7/11/13	10.94	11.8	10.91	11.4	10391692	10.94	002221	东华能源	SZ
1301	7/12/13	11.38	11.63	11.24	11.4	6140662	11.38	002221	东华能源	SZ
1302	7/15/13	11.55	11.93	11.46	11.47	7187533	11.55	002221	东华能源	SZ
1303	7/16/13	11.59	11.87	11.24	11.63	10701618	11.59	002221	东华能源	SZ
1304	7/17/13	11.8	11.8	11.13	11.45	10349517	11.8	002221	东华能源	SZ
1305	7/18/13	11.55	11.76	11.38	11.56	11087058	11.55	002221	东华能源	SZ
1306	7/19/13	11.58	11.8	11.34	11.44	12887809	11.58	002221	东华能源	SZ
1307	7/22/13	11.3	11.52	10.9	11.07	10788698	11.3	002221	东华能源	SZ
1308	7/23/13	11.15	11.19	10.84	10.96	16131620	11.15	002221	东华能源	SZ
1309	7/24/13	10.98	11.08	10.87	10.97	10164927	10.98	002221	东华能源	SZ
1310	7/25/13	10.9	11.07	10.67	10.85	8852191	10.9	002221	东华能源	SZ
1311	7/26/13	10.88	10.93	10.49	10.73	8042301	10.88	002221	东华能源	SZ
1312	7/29/13	10.6	10.89	10.32	10.47	5590117	10.6	002221	东华能源	SZ
1313	7/30/13	10.49	10.49	9.5	10.13	9102959	10.49	002221	东华能源	SZ
1314	7/31/13	10.06	10.22	9.98	10.07	3402539	10.06	002221	东华能源	SZ
1315	8/1/13	10.15	10.33	10.0	10.19	9803101	10.15	002221	东华能源	SZ
1316	8/2/13	10.21	10.27	10.1	10.13	5579008	10.21	002221	东华能源	SZ
1317	8/5/13	10.13	10.22	10.06	10.14	9128131	10.13	002221	东华能源	SZ
1318	8/6/13	10.15	10.8	10.08	10.7	10670247	10.15	002221	东华能源	SZ
1319	8/7/13	10.6	10.75	10.45	10.61	6275026	10.6	002221	东华能源	SZ
1320	8/8/13	10.6	10.72	10.31	10.34	6354296	10.6	002221	东华能源	SZ
1321	8/9/13	10.4	10.59	10.2	10.47	5080948	10.4	002221	东华能源	SZ
1322	8/12/13	10.33	10.89	10.33	10.78	7631769	10.33	002221	东华能源	SZ
1323	8/13/13	10.75	11.17	10.59	10.99	9895844	10.75	002221	东华能源	SZ
1324	8/14/13	11.04	11.1	10.86	10.92	5501564	11.04	002221	东华能源	SZ
1325	8/15/13	11.0	11.21	10.79	10.82	6222355	11.0	002221	东华能源	SZ
1326	8/16/13	10.73	10.93	10.6	10.7	5541258	10.73	002221	东华能源	SZ
1327	8/19/13	10.7	10.94	10.52	10.8	5576235	10.7	002221	东华能源	SZ
1328	8/20/13	10.7	10.83	10.4	10.52	5188823	10.7	002221	东华能源	SZ
1329	8/21/13	10.55	10.69	10.35	10.53	5407393	10.55	002221	东华能源	SZ
1330	8/22/13	10.52	10.57	10.38	10.39	3562703	10.52	002221	东华能源	SZ
1331	8/23/13	10.79	11.43	10.42	10.67	7965229	10.79	002221	东华能源	SZ
1332	8/26/13	10.62	10.96	10.53	10.93	8013679	10.62	002221	东华能源	SZ
1333	8/27/13	11.3	11.3	11.02	11.09	12083646	11.3	002221	东华能源	SZ
1334	8/28/13	11.18	11.18	10.69	10.81	8573961	11.18	002221	东华能源	SZ
1335	8/29/13	10.78	10.93	10.6	10.9	6308494	10.78	002221	东华能源	SZ
1336	8/30/13	11.03	11.2	10.72	10.94	9274486	11.03	002221	东华能源	SZ
1337	9/2/13	10.92	10.98	10.66	10.9	7091877	10.92	002221	东华能源	SZ
1338	9/3/13	10.95	11.12	10.8	10.88	8248972	10.95	002221	东华能源	SZ
1339	9/4/13	10.87	10.96	10.64	10.85	9103215	10.87	002221	东华能源	SZ
1340	9/5/13	10.88	11.06	10.66	10.77	7690371	10.88	002221	东华能源	SZ
1341	9/6/13	10.8	10.8	10.48	10.67	8749999	10.8	002221	东华能源	SZ
1342	9/9/13	10.63	10.7	10.49	10.65	7520454	10.63	002221	东华能源	SZ
1343	9/10/13	10.65	10.89	10.58	10.67	6053243	10.65	002221	东华能源	SZ
1344	9/11/13	10.62	10.65	10.4	10.56	6801617	10.62	002221	东华能源	SZ
1345	9/12/13	10.51	10.76	10.4	10.61	5299619	10.51	002221	东华能源	SZ
1346	9/13/13	10.56	10.72	10.42	10.65	3685884	10.56	002221	东华能源	SZ
1347	9/16/13	10.93	11.6	10.85	11.05	16389952	10.93	002221	东华能源	SZ
1348	9/17/13	11.2	11.28	10.89	11.07	10027689	11.2	002221	东华能源	SZ
1349	9/18/13	11.0	11.22	10.92	11.18	10346901	11.0	002221	东华能源	SZ
1350	9/23/13	11.22	11.55	11.22	11.35	14888527	11.22	002221	东华能源	SZ
1351	9/24/13	11.37	11.45	11.05	11.2	9045127	11.37	002221	东华能源	SZ
1352	9/25/13	11.16	11.4	10.96	11.16	8660619	11.16	002221	东华能源	SZ
1353	9/26/13	11.17	11.5	10.94	11.37	14922297	11.17	002221	东华能源	SZ
1354	9/27/13	11.33	11.69	11.32	11.42	11277022	11.33	002221	东华能源	SZ
1355	9/30/13	11.4	11.58	11.2	11.38	8369294	11.4	002221	东华能源	SZ
1356	10/8/13	11.32	12.45	11.21	11.95	15847003	11.32	002221	东华能源	SZ
1357	10/9/13	11.83	12.22	11.83	12.09	8387498	11.83	002221	东华能源	SZ
1358	10/10/13	12.08	12.24	11.95	12.21	8125911	12.08	002221	东华能源	SZ
1359	10/11/13	12.21	12.59	12.13	12.48	10868764	12.21	002221	东华能源	SZ
1360	10/14/13	12.49	12.85	12.32	12.79	9667995	12.49	002221	东华能源	SZ
1361	10/15/13	12.88	12.91	12.45	12.52	8314477	12.88	002221	东华能源	SZ
1362	10/16/13	12.5	12.55	11.98	12.01	9648049	12.5	002221	东华能源	SZ
1363	10/17/13	12.09	12.26	12.0	12.0	5574405	12.09	002221	东华能源	SZ
1364	10/18/13	12.0	12.1	11.8	12.05	3394418	12.0	002221	东华能源	SZ
1365	10/21/13	12.1	12.17	11.98	12.04	5465785	12.1	002221	东华能源	SZ
1366	10/22/13	11.95	12.36	11.88	12.19	7451033	11.95	002221	东华能源	SZ
1367	10/23/13	12.23	12.25	11.39	11.41	9024069	12.23	002221	东华能源	SZ
1368	10/24/13	11.37	11.5	11.01	11.09	5870637	11.37	002221	东华能源	SZ
1369	10/25/13	11.15	11.27	10.99	11.03	3907191	11.15	002221	东华能源	SZ
1370	10/28/13	11.09	11.41	11.09	11.37	3312782	11.09	002221	东华能源	SZ
1371	10/29/13	11.38	11.52	10.45	11.16	6094871	11.38	002221	东华能源	SZ
1372	10/30/13	11.18	11.56	11.03	11.56	5490900	11.18	002221	东华能源	SZ
1373	10/31/13	11.75	11.8	11.32	11.42	4500332	11.75	002221	东华能源	SZ
1374	11/1/13	11.33	11.33	10.7	10.82	6244714	11.33	002221	东华能源	SZ
1375	11/4/13	10.82	11.19	10.74	11.05	4429025	10.82	002221	东华能源	SZ
1376	11/5/13	11.0	11.18	10.71	11.02	4550948	11.0	002221	东华能源	SZ
1377	11/6/13	10.94	11.63	10.94	11.13	9316734	10.94	002221	东华能源	SZ
1378	11/7/13	11.03	11.09	10.86	10.99	5374966	11.03	002221	东华能源	SZ
1379	11/8/13	10.98	11.08	10.61	10.7	4738967	10.98	002221	东华能源	SZ
1380	11/11/13	10.6	10.82	10.4	10.78	3757904	10.6	002221	东华能源	SZ
1381	11/12/13	10.8	11.17	10.65	10.99	4899239	10.8	002221	东华能源	SZ
1382	11/13/13	11.0	11.14	10.63	10.98	5024811	11.0	002221	东华能源	SZ
1383	11/14/13	10.98	11.09	10.8	10.91	2923167	10.98	002221	东华能源	SZ
1384	11/15/13	10.92	11.19	10.89	10.98	6762263	10.92	002221	东华能源	SZ
1385	11/18/13	10.98	11.16	10.91	11.09	6303621	10.98	002221	东华能源	SZ
1386	11/19/13	11.09	11.17	11.03	11.15	5136192	11.09	002221	东华能源	SZ
1387	11/20/13	11.17	11.17	10.91	11.02	5493254	11.17	002221	东华能源	SZ
1388	11/21/13	11.05	11.05	10.63	10.69	7011668	11.05	002221	东华能源	SZ
1389	11/22/13	10.72	10.78	10.6	10.62	3511342	10.72	002221	东华能源	SZ
1390	11/25/13	10.55	10.67	10.5	10.58	2468679	10.55	002221	东华能源	SZ
1391	11/26/13	10.58	10.74	10.57	10.7	3145477	10.58	002221	东华能源	SZ
1392	11/27/13	10.66	10.84	10.62	10.79	3337243	10.66	002221	东华能源	SZ
1393	11/28/13	10.76	10.9	10.76	10.77	3263890	10.76	002221	东华能源	SZ
1394	11/29/13	10.79	11.19	10.79	10.98	6641178	10.79	002221	东华能源	SZ
1395	12/2/13	10.87	10.87	10.31	10.32	6107943	10.87	002221	东华能源	SZ
1396	12/3/13	10.33	10.5	10.33	10.45	2590807	10.33	002221	东华能源	SZ
1397	12/4/13	10.5	10.67	10.35	10.59	3653444	10.5	002221	东华能源	SZ
1398	12/5/13	10.58	10.7	10.5	10.51	3543330	10.58	002221	东华能源	SZ
1399	12/6/13	10.53	10.57	10.34	10.35	3297941	10.53	002221	东华能源	SZ
1400	12/9/13	10.36	10.5	10.3	10.48	2306160	10.36	002221	东华能源	SZ
1401	12/10/13	10.5	10.68	10.47	10.61	3559215	10.5	002221	东华能源	SZ
1402	12/11/13	10.59	10.8	10.54	10.71	3868779	10.59	002221	东华能源	SZ
1403	12/12/13	10.77	10.78	10.7	10.72	2606672	10.77	002221	东华能源	SZ
1404	12/13/13	10.68	10.99	10.65	10.93	5059100	10.68	002221	东华能源	SZ
1405	12/16/13	10.91	11.05	10.9	10.96	6183061	10.91	002221	东华能源	SZ
1406	12/17/13	10.96	11.06	10.71	10.75	3300633	10.96	002221	东华能源	SZ
1407	12/18/13	10.85	11.01	10.74	10.87	2882445	10.85	002221	东华能源	SZ
1408	12/19/13	10.87	10.98	10.76	10.79	1966320	10.87	002221	东华能源	SZ
1409	12/20/13	10.79	10.89	10.72	10.78	1557844	10.79	002221	东华能源	SZ
1410	12/23/13	10.78	10.94	10.72	10.79	1462390	10.78	002221	东华能源	SZ
1411	12/24/13	10.87	10.88	10.64	10.67	1405482	10.87	002221	东华能源	SZ
1412	12/25/13	10.68	10.74	10.39	10.72	2857182	10.68	002221	东华能源	SZ
1413	12/26/13	10.71	10.74	9.98	10.1	5070499	10.71	002221	东华能源	SZ
1414	12/27/13	10.05	10.2	10.0	10.06	5189749	10.05	002221	东华能源	SZ
1415	12/30/13	10.16	10.36	10.06	10.29	4162741	10.16	002221	东华能源	SZ
1416	12/31/13	10.3	10.55	10.23	10.43	2718831	10.3	002221	东华能源	SZ
1417	1/2/14	10.42	10.48	10.35	10.46	1904445	10.42	002221	东华能源	SZ
1418	1/3/14	10.4	10.54	10.19	10.3	2494272	10.4	002221	东华能源	SZ
1419	1/6/14	10.3	10.36	10.2	10.2	1468920	10.3	002221	东华能源	SZ
1420	1/7/14	10.2	10.32	10.13	10.23	1348549	10.2	002221	东华能源	SZ
1421	1/8/14	10.28	10.51	10.28	10.44	1971198	10.28	002221	东华能源	SZ
1422	1/9/14	10.44	10.72	10.36	10.52	2347439	10.44	002221	东华能源	SZ
1423	1/10/14	10.45	10.55	10.26	10.3	1703006	10.45	002221	东华能源	SZ
1424	1/13/14	10.32	10.35	9.61	9.77	4693885	10.32	002221	东华能源	SZ
1425	1/14/14	9.77	9.81	9.56	9.8	2395117	9.77	002221	东华能源	SZ
1426	1/15/14	9.65	9.88	9.27	9.5	4544137	9.65	002221	东华能源	SZ
1427	1/16/14	9.49	9.59	9.35	9.45	2877542	9.49	002221	东华能源	SZ
1428	1/17/14	9.41	9.41	8.98	9.01	5605544	9.41	002221	东华能源	SZ
1429	1/20/14	9.04	9.05	8.97	9.03	2554202	9.04	002221	东华能源	SZ
1430	1/21/14	9.12	9.34	8.8	9.25	4126968	9.12	002221	东华能源	SZ
1431	1/22/14	9.3	9.87	9.22	9.81	5761002	9.3	002221	东华能源	SZ
1432	1/23/14	9.81	9.93	9.69	9.8	4312970	9.81	002221	东华能源	SZ
1433	1/24/14	9.79	9.92	9.7	9.85	2825531	9.79	002221	东华能源	SZ
1434	1/27/14	9.76	10.14	9.76	9.92	3592558	9.76	002221	东华能源	SZ
1435	1/28/14	10.04	10.04	9.76	9.88	1778347	10.04	002221	东华能源	SZ
1436	1/29/14	9.92	9.96	9.77	9.8	2209270	9.92	002221	东华能源	SZ
1437	1/30/14	9.82	9.92	9.73	9.89	1708730	9.82	002221	东华能源	SZ
1438	2/7/14	9.89	10.28	9.89	10.25	2834589	9.89	002221	东华能源	SZ
1439	2/10/14	10.28	10.7	10.28	10.64	3994860	10.28	002221	东华能源	SZ
1440	2/11/14	10.67	10.7	10.39	10.57	3074606	10.67	002221	东华能源	SZ
1441	2/12/14	10.57	10.78	10.5	10.59	2384477	10.57	002221	东华能源	SZ
1442	2/13/14	10.6	10.65	10.34	10.35	2718002	10.6	002221	东华能源	SZ
1443	2/14/14	10.3	10.43	10.12	10.25	4158125	10.3	002221	东华能源	SZ
1444	2/17/14	10.26	11.04	10.26	11.0	8208421	10.26	002221	东华能源	SZ
1445	2/18/14	11.0	11.0	11.0	11.0	0	11.0	002221	东华能源	SZ
1446	2/19/14	11.88	11.88	11.25	11.26	13128728	11.88	002221	东华能源	SZ
1447	2/20/14	11.61	12.3	11.61	12.11	21330388	11.61	002221	东华能源	SZ
1448	2/21/14	11.83	11.85	11.4	11.55	12792953	11.83	002221	东华能源	SZ
1449	2/24/14	11.22	11.55	11.11	11.3	6884759	11.22	002221	东华能源	SZ
1450	2/25/14	11.48	11.55	11.01	11.08	6724654	11.48	002221	东华能源	SZ
1451	2/26/14	11.06	11.29	11.02	11.23	4115207	11.06	002221	东华能源	SZ
1452	2/27/14	11.28	11.66	11.22	11.26	7193883	11.28	002221	东华能源	SZ
1453	2/28/14	11.21	11.21	10.83	11.03	5212577	11.21	002221	东华能源	SZ
1454	3/3/14	11.08	11.63	10.98	11.46	5669700	11.08	002221	东华能源	SZ
1455	3/4/14	11.43	11.43	11.23	11.3	2737662	11.43	002221	东华能源	SZ
1456	3/5/14	11.35	11.35	11.0	11.04	4227985	11.35	002221	东华能源	SZ
1457	3/6/14	11.0	11.19	10.99	11.02	3432250	11.0	002221	东华能源	SZ
1458	3/7/14	11.0	11.27	10.96	11.06	2534895	11.0	002221	东华能源	SZ
1459	3/10/14	11.0	11.04	10.71	10.76	3520969	11.0	002221	东华能源	SZ
1460	3/11/14	10.61	10.86	10.57	10.72	2780378	10.61	002221	东华能源	SZ
1461	3/12/14	10.79	10.79	10.35	10.43	3253461	10.79	002221	东华能源	SZ
1462	3/13/14	10.4	10.66	10.4	10.5	2780553	10.4	002221	东华能源	SZ
1463	3/14/14	10.5	10.68	10.5	10.61	1478773	10.5	002221	东华能源	SZ
1464	3/17/14	10.64	10.86	10.64	10.85	1856615	10.64	002221	东华能源	SZ
1465	3/18/14	10.85	11.03	10.78	10.82	2846778	10.85	002221	东华能源	SZ
1466	3/19/14	10.76	10.9	10.61	10.66	2257237	10.76	002221	东华能源	SZ
1467	3/20/14	10.69	10.77	10.5	10.51	2408508	10.69	002221	东华能源	SZ
1468	3/21/14	10.55	11.0	10.55	10.94	3844231	10.55	002221	东华能源	SZ
1469	3/24/14	11.0	11.43	10.96	11.32	5747452	11.0	002221	东华能源	SZ
1470	3/25/14	11.33	11.33	11.08	11.15	3472206	11.33	002221	东华能源	SZ
1471	3/26/14	11.13	11.22	11.04	11.16	2024077	11.13	002221	东华能源	SZ
1472	3/27/14	11.16	11.35	11.12	11.17	1843328	11.16	002221	东华能源	SZ
1473	3/28/14	11.1	11.25	10.63	10.67	3833164	11.1	002221	东华能源	SZ
1474	3/31/14	10.63	10.9	10.63	10.69	1678711	10.63	002221	东华能源	SZ
1475	4/1/14	10.69	10.89	10.69	10.85	1663853	10.69	002221	东华能源	SZ
1476	4/2/14	10.92	11.04	10.86	10.98	2402631	10.92	002221	东华能源	SZ
1477	4/3/14	10.99	11.07	10.72	10.79	1965017	10.99	002221	东华能源	SZ
1478	4/4/14	10.79	11.11	10.79	11.09	2166819	10.79	002221	东华能源	SZ
1479	4/8/14	11.11	11.17	10.98	11.15	2773505	11.11	002221	东华能源	SZ
1480	4/9/14	11.15	11.32	11.15	11.18	3733135	11.15	002221	东华能源	SZ
1481	4/10/14	11.2	11.23	11.09	11.13	2853735	11.2	002221	东华能源	SZ
1482	4/11/14	11.15	11.21	11.0	11.06	1733521	11.15	002221	东华能源	SZ
1483	4/14/14	11.2	11.38	11.04	11.38	3923845	11.2	002221	东华能源	SZ
1484	4/15/14	11.37	11.38	11.06	11.12	3286697	11.37	002221	东华能源	SZ
1485	4/16/14	11.09	11.25	11.03	11.12	2054538	11.09	002221	东华能源	SZ
1486	4/17/14	11.12	11.22	11.06	11.06	1576228	11.12	002221	东华能源	SZ
1487	4/18/14	11.03	11.14	11.03	11.08	1341634	11.03	002221	东华能源	SZ
1488	4/21/14	11.09	11.32	11.07	11.22	4441312	11.09	002221	东华能源	SZ
1489	4/22/14	11.14	11.27	11.01	11.13	3114124	11.14	002221	东华能源	SZ
1490	4/23/14	11.15	11.24	11.12	11.2	1360320	11.15	002221	东华能源	SZ
1491	4/24/14	11.23	11.89	11.17	11.66	12795720	11.23	002221	东华能源	SZ
1492	4/25/14	11.59	11.69	11.17	11.23	6183593	11.59	002221	东华能源	SZ
1493	4/28/14	11.08	11.2	10.36	10.71	6123468	11.08	002221	东华能源	SZ
1494	4/29/14	10.32	10.84	10.32	10.55	3846908	10.32	002221	东华能源	SZ
1495	4/30/14	10.63	10.85	10.56	10.77	3392659	10.63	002221	东华能源	SZ
1496	5/5/14	10.76	10.97	10.71	10.89	2213345	10.76	002221	东华能源	SZ
1497	5/6/14	10.97	11.0	10.8	10.92	1536414	10.97	002221	东华能源	SZ
1498	5/7/14	10.92	10.92	10.67	10.78	2385779	10.92	002221	东华能源	SZ
1499	5/8/14	10.71	10.83	10.61	10.66	1597474	10.71	002221	东华能源	SZ
1500	5/9/14	10.7	10.78	10.54	10.59	1569883	10.7	002221	东华能源	SZ
1501	5/12/14	10.67	10.92	10.6	10.88	2313110	10.67	002221	东华能源	SZ
1502	5/13/14	10.9	11.25	10.82	11.05	3276417	10.9	002221	东华能源	SZ
1503	5/14/14	11.06	11.07	10.89	10.93	1731897	11.06	002221	东华能源	SZ
1504	5/15/14	10.84	11.0	10.73	10.85	1438852	10.84	002221	东华能源	SZ
1505	5/16/14	10.84	10.92	10.77	10.78	1557077	10.84	002221	东华能源	SZ
1506	5/19/14	10.72	10.78	10.63	10.69	1597099	10.72	002221	东华能源	SZ
1507	5/20/14	10.7	10.88	10.69	10.78	967129	10.7	002221	东华能源	SZ
1508	5/21/14	10.7	10.85	10.64	10.76	1223969	10.7	002221	东华能源	SZ
1509	5/22/14	10.75	11.1	10.75	10.81	2596704	10.75	002221	东华能源	SZ
1510	5/23/14	10.89	11.05	10.82	11.03	2976433	10.89	002221	东华能源	SZ
1511	5/26/14	11.05	11.12	10.9	11.02	2097268	11.05	002221	东华能源	SZ
1512	5/27/14	11.0	11.19	11.0	11.08	2816753	11.0	002221	东华能源	SZ
1513	5/28/14	11.09	11.13	10.88	11.03	1896997	11.09	002221	东华能源	SZ
1514	5/29/14	11.04	11.16	11.03	11.15	3714793	11.04	002221	东华能源	SZ
1515	5/30/14	11.15	11.19	11.0	11.11	1905686	11.15	002221	东华能源	SZ
1516	6/3/14	11.2	11.3	11.12	11.15	3995083	11.2	002221	东华能源	SZ
1517	6/4/14	11.15	11.22	11.1	11.14	2586322	11.15	002221	东华能源	SZ
1518	6/5/14	11.14	11.29	11.14	11.28	3224548	11.14	002221	东华能源	SZ
1519	6/6/14	11.28	11.4	11.2	11.27	1889044	11.28	002221	东华能源	SZ
1520	6/9/14	11.18	11.34	11.14	11.15	2287208	11.18	002221	东华能源	SZ
1521	6/10/14	11.15	11.22	11.09	11.14	2501495	11.15	002221	东华能源	SZ
1522	6/11/14	11.17	11.25	11.11	11.22	2548663	11.17	002221	东华能源	SZ
1523	6/12/14	11.22	11.27	10.99	11.03	3828127	11.22	002221	东华能源	SZ
1524	6/13/14	11.02	11.09	10.87	11.04	2720612	11.02	002221	东华能源	SZ
1525	6/16/14	11.04	11.27	11.04	11.22	4160565	11.04	002221	东华能源	SZ
1526	6/17/14	11.24	11.24	11.09	11.23	2214364	11.24	002221	东华能源	SZ
1527	6/18/14	11.25	11.25	11.05	11.08	2454343	11.25	002221	东华能源	SZ
1528	6/19/14	11.1	11.18	10.83	10.86	2662282	11.1	002221	东华能源	SZ
1529	6/20/14	10.88	10.97	10.85	10.91	1593413	10.88	002221	东华能源	SZ
1530	6/23/14	11.08	11.09	10.94	10.95	1173150	11.08	002221	东华能源	SZ
1531	6/24/14	11.02	11.03	10.88	10.96	1213109	11.02	002221	东华能源	SZ
1532	6/25/14	10.97	11.1	10.92	11.08	1663138	10.97	002221	东华能源	SZ
1533	6/26/14	11.11	11.37	11.1	11.12	5377654	11.11	002221	东华能源	SZ
1534	6/27/14	11.2	11.25	11.1	11.18	2675960	11.2	002221	东华能源	SZ
1535	6/30/14	11.13	11.2	11.05	11.19	3083435	11.13	002221	东华能源	SZ
1536	7/1/14	11.19	11.2	11.02	11.11	3259064	11.19	002221	东华能源	SZ
1537	7/2/14	11.17	11.17	11.0	11.07	3813652	11.17	002221	东华能源	SZ
1538	7/3/14	11.07	11.12	11.0	11.06	2971613	11.07	002221	东华能源	SZ
1539	7/4/14	11.07	11.13	11.04	11.07	1663790	11.07	002221	东华能源	SZ
1540	7/7/14	11.06	11.1	10.88	11.01	3183702	11.06	002221	东华能源	SZ
1541	7/8/14	11.0	11.04	10.92	10.99	2273757	11.0	002221	东华能源	SZ
1542	7/9/14	10.98	11.03	10.9	10.91	2166644	10.98	002221	东华能源	SZ
1543	7/10/14	10.89	10.99	10.59	10.69	3523164	10.89	002221	东华能源	SZ
1544	7/11/14	10.68	10.86	10.66	10.81	2144110	10.68	002221	东华能源	SZ
1545	7/14/14	10.87	11.03	10.86	11.01	2153898	10.87	002221	东华能源	SZ
1546	7/15/14	11.0	11.0	10.87	10.89	1605552	11.0	002221	东华能源	SZ
1547	7/16/14	10.89	10.98	10.85	10.97	1567731	10.89	002221	东华能源	SZ
1548	7/17/14	10.91	11.08	10.9	10.93	1688622	10.91	002221	东华能源	SZ
1549	7/18/14	10.91	10.99	10.85	10.92	875236	10.91	002221	东华能源	SZ
1550	7/21/14	10.93	10.98	10.83	10.91	2147031	10.93	002221	东华能源	SZ
1551	7/22/14	10.84	10.95	10.84	10.88	1588027	10.84	002221	东华能源	SZ
1552	7/23/14	10.83	10.91	10.73	10.78	2363409	10.83	002221	东华能源	SZ
1553	7/24/14	10.77	10.84	10.73	10.79	1546326	10.77	002221	东华能源	SZ
1554	7/25/14	10.8	10.88	10.78	10.86	1700448	10.8	002221	东华能源	SZ
1555	7/28/14	10.87	11.22	10.87	11.22	6926096	10.87	002221	东华能源	SZ
1556	7/29/14	11.25	11.67	11.25	11.39	9552922	11.25	002221	东华能源	SZ
1557	7/30/14	11.4	11.95	11.4	11.89	14066638	11.4	002221	东华能源	SZ
1558	7/31/14	11.85	11.86	11.58	11.75	8105741	11.85	002221	东华能源	SZ
1559	8/1/14	11.76	11.78	11.43	11.52	5585961	11.76	002221	东华能源	SZ
1560	8/4/14	11.57	11.85	11.57	11.79	6111659	11.57	002221	东华能源	SZ
1561	8/5/14	11.83	11.88	11.66	11.78	4605805	11.83	002221	东华能源	SZ
1562	8/6/14	11.78	12.35	11.62	12.19	9340336	11.78	002221	东华能源	SZ
1563	8/7/14	12.21	12.43	12.01	12.07	9899164	12.21	002221	东华能源	SZ
1564	8/8/14	12.02	12.66	12.02	12.45	10103254	12.02	002221	东华能源	SZ
1565	8/11/14	12.5	12.68	12.42	12.5	7239133	12.5	002221	东华能源	SZ
1566	8/12/14	12.59	12.71	12.41	12.65	5210378	12.59	002221	东华能源	SZ
1567	8/13/14	12.6	12.87	12.45	12.63	6030673	12.6	002221	东华能源	SZ
1568	8/14/14	12.6	12.84	12.53	12.63	5464145	12.6	002221	东华能源	SZ
1569	8/15/14	12.63	12.92	12.63	12.85	5072265	12.63	002221	东华能源	SZ
1570	8/18/14	13.05	13.2	12.86	13.0	6405126	13.05	002221	东华能源	SZ
1571	8/19/14	13.0	13.2	12.63	13.2	8309157	13.0	002221	东华能源	SZ
1572	8/20/14	13.2	13.29	12.88	12.96	5464076	13.2	002221	东华能源	SZ
1573	8/21/14	12.65	12.69	12.32	12.36	11093238	12.65	002221	东华能源	SZ
1574	8/22/14	12.36	12.72	12.35	12.56	6024307	12.36	002221	东华能源	SZ
1575	8/25/14	12.55	12.68	12.4	12.44	3402733	12.55	002221	东华能源	SZ
1576	8/26/14	12.5	12.5	12.08	12.14	4409327	12.5	002221	东华能源	SZ
1577	8/27/14	12.21	12.26	12.11	12.16	2677298	12.21	002221	东华能源	SZ
1578	8/28/14	12.16	12.34	12.1	12.14	3343059	12.16	002221	东华能源	SZ
1579	8/29/14	12.18	12.36	12.1	12.32	2701318	12.18	002221	东华能源	SZ
1580	9/1/14	12.32	12.48	12.25	12.45	3385907	12.32	002221	东华能源	SZ
1581	9/2/14	12.45	12.61	12.38	12.58	4247340	12.45	002221	东华能源	SZ
1582	9/3/14	12.64	12.75	12.45	12.58	4382282	12.64	002221	东华能源	SZ
1583	9/4/14	12.58	12.68	12.48	12.58	4464830	12.58	002221	东华能源	SZ
1584	9/5/14	12.57	12.79	12.5	12.77	4418848	12.57	002221	东华能源	SZ
1585	9/9/14	12.76	12.81	12.55	12.7	3295277	12.76	002221	东华能源	SZ
1586	9/10/14	12.7	12.7	12.5	12.55	3297174	12.7	002221	东华能源	SZ
1587	9/11/14	12.54	12.63	12.4	12.5	4993502	12.54	002221	东华能源	SZ
1588	9/12/14	12.49	12.75	12.43	12.75	5072118	12.49	002221	东华能源	SZ
1589	9/15/14	12.85	13.07	12.69	12.75	7605641	12.85	002221	东华能源	SZ
1590	9/16/14	12.74	12.8	12.3	12.37	6457189	12.74	002221	东华能源	SZ
1591	9/17/14	12.42	12.5	12.3	12.41	4141158	12.42	002221	东华能源	SZ
1592	9/18/14	12.49	12.58	12.36	12.43	3397884	12.49	002221	东华能源	SZ
1593	9/19/14	12.43	12.45	12.18	12.35	3980328	12.43	002221	东华能源	SZ
1594	9/22/14	12.33	12.33	12.15	12.21	3468973	12.33	002221	东华能源	SZ
1595	9/23/14	12.2	12.29	12.19	12.22	2719386	12.2	002221	东华能源	SZ
1596	9/24/14	12.25	12.33	12.11	12.3	3734013	12.25	002221	东华能源	SZ
1597	9/25/14	12.3	12.37	12.24	12.31	4499926	12.3	002221	东华能源	SZ
1598	9/26/14	12.28	12.63	12.2	12.49	5549812	12.28	002221	东华能源	SZ
1599	9/29/14	12.64	12.77	12.45	12.54	5554681	12.64	002221	东华能源	SZ
1600	9/30/14	12.54	12.68	12.5	12.51	3943518	12.54	002221	东华能源	SZ
1601	10/8/14	12.51	12.83	12.51	12.75	4098831	12.51	002221	东华能源	SZ
1602	10/9/14	12.76	12.87	12.58	12.73	4686225	12.76	002221	东华能源	SZ
1603	10/10/14	12.73	12.74	12.57	12.6	4114481	12.73	002221	东华能源	SZ
1604	10/13/14	12.46	12.6	12.29	12.47	4857587	12.46	002221	东华能源	SZ
1605	10/14/14	12.43	12.55	12.4	12.5	3156533	12.43	002221	东华能源	SZ
1606	10/15/14	12.5	12.5	12.31	12.42	3060590	12.5	002221	东华能源	SZ
1607	10/16/14	12.42	12.42	12.23	12.26	3542140	12.42	002221	东华能源	SZ
1608	10/17/14	12.2	12.26	11.82	11.91	4721312	12.2	002221	东华能源	SZ
1609	10/20/14	11.9	12.17	11.86	12.08	3107976	11.9	002221	东华能源	SZ
1610	10/21/14	12.15	12.21	12.07	12.13	3066750	12.15	002221	东华能源	SZ
1611	10/22/14	12.18	12.18	11.95	11.95	2309142	12.18	002221	东华能源	SZ
1612	10/23/14	11.9	12.0	11.62	11.7	3740253	11.9	002221	东华能源	SZ
1613	10/24/14	11.7	11.83	11.59	11.65	2145683	11.7	002221	东华能源	SZ
1614	10/27/14	11.65	11.65	11.4	11.5	1923217	11.65	002221	东华能源	SZ
1615	10/28/14	11.5	12.09	11.5	12.03	3991401	11.5	002221	东华能源	SZ
1616	10/29/14	12.1	12.19	12.0	12.14	4248302	12.1	002221	东华能源	SZ
1617	10/30/14	12.12	12.12	11.93	11.97	3030367	12.12	002221	东华能源	SZ
1618	10/31/14	11.97	12.22	11.93	12.2	4419891	11.97	002221	东华能源	SZ
1619	11/3/14	12.22	12.29	12.09	12.2	3262758	12.22	002221	东华能源	SZ
1620	11/4/14	12.2	12.21	11.99	12.13	3064631	12.2	002221	东华能源	SZ
1621	11/5/14	12.05	13.17	12.05	12.82	12240310	12.05	002221	东华能源	SZ
1622	11/6/14	12.8	12.94	12.6	12.86	5493929	12.8	002221	东华能源	SZ
1623	11/7/14	12.8	13.05	12.74	12.93	6632375	12.8	002221	东华能源	SZ
1624	11/10/14	12.99	13.15	12.86	12.98	5137919	12.99	002221	东华能源	SZ
1625	11/11/14	12.92	13.22	12.53	12.68	7536624	12.92	002221	东华能源	SZ
1626	11/12/14	12.66	12.79	12.56	12.77	3166191	12.66	002221	东华能源	SZ
1627	11/13/14	12.78	12.85	12.52	12.72	3834890	12.78	002221	东华能源	SZ
1628	11/14/14	12.65	12.65	12.3	12.49	2212321	12.65	002221	东华能源	SZ
1629	11/17/14	12.51	12.7	12.5	12.56	1826650	12.51	002221	东华能源	SZ
1630	11/18/14	12.53	12.56	12.4	12.56	2316101	12.53	002221	东华能源	SZ
1631	11/19/14	12.54	12.75	12.45	12.6	2828052	12.54	002221	东华能源	SZ
1632	11/20/14	12.55	12.6	12.3	12.46	2276976	12.55	002221	东华能源	SZ
1633	11/21/14	12.47	12.57	12.42	12.5	2470169	12.47	002221	东华能源	SZ
1634	11/24/14	12.56	13.15	12.54	13.08	10492162	12.56	002221	东华能源	SZ
1635	11/25/14	13.09	14.39	13.08	14.21	15473162	13.09	002221	东华能源	SZ
1636	11/26/14	14.35	14.75	14.22	14.39	10797290	14.35	002221	东华能源	SZ
1637	11/27/14	14.39	15.09	14.27	14.91	10831477	14.39	002221	东华能源	SZ
1638	11/28/14	14.9	14.91	14.45	14.7	7920384	14.9	002221	东华能源	SZ
1639	12/1/14	14.7	14.84	13.95	13.96	9961712	14.7	002221	东华能源	SZ
1640	12/2/14	13.91	14.4	13.91	14.22	5251126	13.91	002221	东华能源	SZ
1641	12/3/14	14.22	14.25	13.44	13.93	10681086	14.22	002221	东华能源	SZ
1642	12/4/14	13.9	14.35	13.8	14.29	7816262	13.9	002221	东华能源	SZ
1643	12/5/14	14.3	14.33	13.44	13.85	7906097	14.3	002221	东华能源	SZ
1644	12/8/14	13.77	14.68	13.4	14.22	9777453	13.77	002221	东华能源	SZ
1645	12/9/14	14.22	14.62	13.7	13.82	10257131	14.22	002221	东华能源	SZ
1646	12/10/14	13.82	15.2	13.78	15.2	12489670	13.82	002221	东华能源	SZ
1647	12/11/14	15.2	16.44	15.01	15.68	12581396	15.2	002221	东华能源	SZ
1648	12/12/14	15.89	15.93	15.39	15.9	5977277	15.89	002221	东华能源	SZ
1649	12/15/14	15.7	16.18	15.68	15.82	6321695	15.7	002221	东华能源	SZ
1650	12/16/14	15.9	16.1	15.68	15.97	4939256	15.9	002221	东华能源	SZ
1651	12/17/14	15.95	17.57	15.9	17.32	15429948	15.95	002221	东华能源	SZ
1652	12/18/14	17.32	17.5	16.91	17.1	6735460	17.32	002221	东华能源	SZ
1653	12/19/14	17.02	17.39	16.67	17.1	8613612	17.02	002221	东华能源	SZ
1654	12/22/14	17.09	17.14	15.67	16.06	12872490	17.09	002221	东华能源	SZ
1655	12/23/14	16.23	16.4	15.59	15.8	4564630	16.23	002221	东华能源	SZ
1656	12/24/14	15.83	16.19	15.0	15.59	9609517	15.83	002221	东华能源	SZ
1657	12/25/14	15.73	15.9	15.32	15.75	5154374	15.73	002221	东华能源	SZ
1658	12/26/14	15.85	16.9	15.55	16.6	6573642	15.85	002221	东华能源	SZ
1659	12/29/14	16.75	16.75	16.05	16.32	6911031	16.75	002221	东华能源	SZ
1660	12/30/14	16.3	16.75	16.07	16.12	3064499	16.3	002221	东华能源	SZ
1661	12/31/14	16.12	16.64	16.12	16.49	4962598	16.12	002221	东华能源	SZ
1662	1/5/15	16.58	17.5	16.58	17.19	6067851	16.58	002221	东华能源	SZ
1663	1/6/15	17.19	17.19	16.45	16.84	5221639	17.19	002221	东华能源	SZ
1664	1/7/15	16.85	17.06	16.61	16.98	3373076	16.85	002221	东华能源	SZ
1665	1/8/15	16.99	17.45	16.68	16.85	3360600	16.99	002221	东华能源	SZ
1666	1/9/15	16.85	17.04	16.45	16.7	3966974	16.85	002221	东华能源	SZ
1667	1/12/15	16.7	17.45	16.7	17.13	6070368	16.7	002221	东华能源	SZ
1668	1/13/15	17.12	17.8	17.12	17.37	4195719	17.12	002221	东华能源	SZ
1669	1/14/15	17.39	18.44	17.38	18.32	10799034	17.39	002221	东华能源	SZ
1670	1/15/15	18.4	18.69	17.85	18.02	7028092	18.4	002221	东华能源	SZ
1671	1/16/15	17.92	19.03	17.86	18.6	7870501	17.92	002221	东华能源	SZ
1672	1/19/15	18.03	19.26	17.86	18.34	8564625	18.03	002221	东华能源	SZ
1673	1/20/15	18.36	19.13	18.36	18.9	5147100	18.36	002221	东华能源	SZ
1674	1/21/15	18.96	19.17	18.4	18.57	11636155	18.96	002221	东华能源	SZ
1675	1/22/15	18.62	18.62	18.09	18.59	7576829	18.62	002221	东华能源	SZ
1676	1/23/15	18.5	18.79	18.18	18.21	4330172	18.5	002221	东华能源	SZ
1677	1/26/15	17.65	19.09	17.0	19.0	14381901	17.65	002221	东华能源	SZ
1678	1/27/15	18.9	19.23	18.61	19.11	5833640	18.9	002221	东华能源	SZ
1679	1/28/15	19.11	19.82	18.98	19.3	7854176	19.11	002221	东华能源	SZ
1680	1/29/15	19.3	19.93	19.03	19.66	4369720	19.3	002221	东华能源	SZ
1681	1/30/15	19.66	19.98	19.39	19.48	4389692	19.66	002221	东华能源	SZ
1682	2/2/15	19.49	19.94	18.95	19.84	5975822	19.49	002221	东华能源	SZ
1683	2/3/15	19.84	20.3	19.7	20.28	5268486	19.84	002221	东华能源	SZ
1684	2/4/15	20.3	20.67	19.83	20.09	5348065	20.3	002221	东华能源	SZ
1685	2/5/15	20.14	20.28	19.68	19.7	4352361	20.14	002221	东华能源	SZ
1686	2/6/15	19.7	19.79	18.64	18.7	7670397	19.7	002221	东华能源	SZ
1687	2/9/15	18.7	19.15	18.2	19.05	5111497	18.7	002221	东华能源	SZ
1688	2/10/15	19.02	19.55	18.63	18.88	4031366	19.02	002221	东华能源	SZ
1689	2/11/15	18.87	19.39	18.4	18.67	3506356	18.87	002221	东华能源	SZ
1690	2/12/15	18.67	19.1	18.55	19.08	3058360	18.67	002221	东华能源	SZ
1691	2/13/15	19.1	19.97	19.1	19.71	5542624	19.1	002221	东华能源	SZ
1692	2/16/15	19.89	20.78	19.7	20.45	6107384	19.89	002221	东华能源	SZ
1693	2/17/15	20.6	20.89	20.26	20.3	3965024	20.6	002221	东华能源	SZ
1694	2/25/15	20.25	20.99	20.25	20.86	3482841	20.25	002221	东华能源	SZ
1695	2/26/15	20.99	20.99	20.18	20.85	2924605	20.99	002221	东华能源	SZ
1696	2/27/15	20.71	21.2	20.61	20.86	2636639	20.71	002221	东华能源	SZ
1697	3/2/15	20.86	20.95	20.46	20.5	5040010	20.86	002221	东华能源	SZ
1698	3/3/15	20.5	20.85	20.31	20.33	4570563	20.5	002221	东华能源	SZ
1699	3/4/15	20.15	20.85	20.15	20.65	2826828	20.15	002221	东华能源	SZ
1700	3/5/15	20.65	20.78	20.43	20.6	3224994	20.65	002221	东华能源	SZ
1701	3/6/15	20.5	20.7	20.2	20.21	2739386	20.5	002221	东华能源	SZ
1702	3/9/15	19.72	20.62	19.72	20.6	3852404	19.72	002221	东华能源	SZ
1703	3/10/15	20.65	21.3	20.6	21.2	5782923	20.65	002221	东华能源	SZ
1704	3/11/15	21.2	23.28	21.1	22.8	6779749	21.2	002221	东华能源	SZ
1705	3/12/15	22.8	23.59	22.46	22.62	6173626	22.8	002221	东华能源	SZ
1706	3/13/15	23.24	23.24	22.17	23.05	4197527	23.24	002221	东华能源	SZ
1707	3/16/15	23.4	24.9	23.11	24.85	9231751	23.4	002221	东华能源	SZ
1708	3/17/15	24.86	26.59	24.85	25.8	9279618	24.86	002221	东华能源	SZ
1709	3/18/15	25.8	26.17	25.35	25.9	5055066	25.8	002221	东华能源	SZ
1710	3/19/15	25.92	27.0	25.44	26.38	7038094	25.92	002221	东华能源	SZ
1711	3/20/15	26.33	26.79	26.05	26.43	4143801	26.33	002221	东华能源	SZ
1712	3/23/15	26.43	28.18	26.28	27.72	8360109	26.43	002221	东华能源	SZ
1713	3/24/15	27.73	28.15	26.5	27.85	7475231	27.73	002221	东华能源	SZ
1714	3/25/15	27.85	28.17	27.36	27.94	5170012	27.85	002221	东华能源	SZ
1715	3/26/15	27.9	28.1	27.0	27.5	5624600	27.9	002221	东华能源	SZ
1716	3/27/15	27.8	27.88	26.5	27.38	5435949	27.8	002221	东华能源	SZ
1717	3/30/15	27.29	29.1	27.01	28.62	6758192	27.29	002221	东华能源	SZ
1718	3/31/15	28.53	28.98	28.08	28.46	4323390	28.53	002221	东华能源	SZ
1719	4/1/15	28.39	31.31	28.11	31.31	9063827	28.39	002221	东华能源	SZ
1720	4/2/15	31.31	34.44	31.31	33.5	7658820	31.31	002221	东华能源	SZ
1721	4/3/15	32.87	34.39	32.4	33.5	7559614	32.87	002221	东华能源	SZ
1722	4/7/15	34.39	34.6	32.87	34.3	5890422	34.39	002221	东华能源	SZ
1723	4/8/15	33.86	35.64	33.8	35.33	7813684	33.86	002221	东华能源	SZ
1724	4/9/15	35.33	36.5	33.7	34.65	6985232	35.33	002221	东华能源	SZ
1725	4/10/15	34.65	35.06	33.5	34.68	4995465	34.65	002221	东华能源	SZ
1726	4/13/15	35.06	35.9	34.57	34.69	4909217	35.06	002221	东华能源	SZ
1727	4/14/15	34.71	34.8	33.5	33.96	5573347	34.71	002221	东华能源	SZ
1728	4/15/15	33.99	34.59	32.55	34.18	7398751	33.99	002221	东华能源	SZ
1729	4/16/15	34.0	35.0	33.2	35.0	5586935	34.0	002221	东华能源	SZ
1730	4/17/15	35.25	38.5	35.25	38.5	9344141	35.25	002221	东华能源	SZ
1731	4/20/15	38.5	41.58	37.9	37.99	11545171	38.5	002221	东华能源	SZ
1732	4/21/15	37.87	39.99	37.5	39.5	7101585	37.87	002221	东华能源	SZ
1733	4/22/15	39.3	42.45	39.05	42.02	6747448	39.3	002221	东华能源	SZ
1734	4/23/15	42.02	42.6	41.46	41.85	5123502	42.02	002221	东华能源	SZ
1735	4/24/15	41.85	41.85	41.85	41.85	0	41.85	002221	东华能源	SZ
1736	4/27/15	41.85	41.85	41.85	41.85	0	41.85	002221	东华能源	SZ
1737	4/28/15	41.85	41.85	41.85	41.85	0	41.85	002221	东华能源	SZ
1738	4/29/15	41.85	41.85	41.85	41.85	0	41.85	002221	东华能源	SZ
1739	4/30/15	41.85	41.85	41.85	41.85	0	41.85	002221	东华能源	SZ
1740	5/4/15	41.85	41.85	41.85	41.85	0	41.85	002221	东华能源	SZ
1741	5/5/15	41.85	41.85	41.85	41.85	0	41.85	002221	东华能源	SZ
1742	5/6/15	41.85	41.85	41.85	41.85	0	41.85	002221	东华能源	SZ
1743	5/7/15	41.85	41.85	41.85	41.85	0	41.85	002221	东华能源	SZ
1744	5/8/15	41.85	41.85	41.85	41.85	0	41.85	002221	东华能源	SZ
1745	5/11/15	41.85	41.85	41.85	41.85	0	41.85	002221	东华能源	SZ
1746	5/12/15	41.85	41.85	41.85	41.85	0	41.85	002221	东华能源	SZ
1747	5/13/15	41.85	41.85	41.85	41.85	0	41.85	002221	东华能源	SZ
1748	5/14/15	41.85	41.85	41.85	41.85	0	41.85	002221	东华能源	SZ
1749	5/15/15	41.85	41.85	41.85	41.85	0	41.85	002221	东华能源	SZ
1750	5/18/15	41.85	41.85	41.85	41.85	0	41.85	002221	东华能源	SZ
1751	5/19/15	41.85	41.85	41.85	41.85	0	41.85	002221	东华能源	SZ
1752	5/20/15	41.85	41.85	41.85	41.85	0	41.85	002221	东华能源	SZ
1753	5/21/15	41.85	41.85	41.85	41.85	0	41.85	002221	东华能源	SZ
1754	5/22/15	41.85	41.85	41.85	41.85	0	41.85	002221	东华能源	SZ
1755	5/25/15	46.04	46.04	46.04	46.04	286537	46.04	002221	东华能源	SZ
1756	5/26/15	50.64	50.64	50.5	50.64	4773185	50.64	002221	东华能源	SZ
1757	5/27/15	55.0	55.0	47.9	50.2	13237030	55.0	002221	东华能源	SZ
1758	5/28/15	49.0	51.82	46.85	46.86	10704496	49.0	002221	东华能源	SZ
1759	5/29/15	46.18	48.99	43.0	46.97	7119406	46.18	002221	东华能源	SZ
1760	6/1/15	47.21	50.3	47.15	49.76	5559799	47.21	002221	东华能源	SZ
1761	6/2/15	50.4	50.49	49.1	49.86	4837929	50.4	002221	东华能源	SZ
1762	6/3/15	49.66	50.0	47.0	47.7	5791766	49.66	002221	东华能源	SZ
1763	6/4/15	47.85	48.6	43.5	47.07	4477928	47.85	002221	东华能源	SZ
1764	6/5/15	48.49	49.8	47.02	48.0	6197377	48.49	002221	东华能源	SZ
1765	6/8/15	48.02	48.78	45.93	46.0	6465662	48.02	002221	东华能源	SZ
1766	6/9/15	45.98	48.49	43.95	47.45	7269549	45.98	002221	东华能源	SZ
1767	6/10/15	47.19	48.5	46.28	47.55	8984408	47.19	002221	东华能源	SZ
1768	6/11/15	47.55	48.48	47.0	47.7	6755138	47.55	002221	东华能源	SZ
1769	6/12/15	47.48	51.82	47.4	51.0	11129949	47.48	002221	东华能源	SZ
1770	6/15/15	51.0	51.8	45.91	46.3	11658427	51.0	002221	东华能源	SZ
1771	6/16/15	45.51	47.18	43.98	45.1	6036786	45.51	002221	东华能源	SZ
1772	6/17/15	45.65	46.18	43.45	45.9	5613034	45.65	002221	东华能源	SZ
1773	6/18/15	45.75	46.0	42.28	42.95	6375984	45.75	002221	东华能源	SZ
1774	6/19/15	41.9	42.29	38.66	39.8	8523462	41.9	002221	东华能源	SZ
1775	6/23/15	40.39	40.39	35.82	36.8	8952971	40.39	002221	东华能源	SZ
1776	6/24/15	37.13	38.99	36.8	38.1	5268717	37.13	002221	东华能源	SZ
1777	6/25/15	38.21	38.99	35.6	36.2	4745189	38.21	002221	东华能源	SZ
1778	6/26/15	35.3	35.3	32.55	32.55	5416376	35.3	002221	东华能源	SZ
1779	6/29/15	34.0	34.0	29.3	29.3	9123064	34.0	002221	东华能源	SZ
1780	6/30/15	27.05	30.5	26.37	29.83	12511332	27.05	002221	东华能源	SZ
1781	7/1/15	30.0	32.25	29.78	29.84	12988413	30.0	002221	东华能源	SZ
1782	7/2/15	30.47	31.31	26.86	26.86	9983806	30.47	002221	东华能源	SZ
1783	7/3/15	26.0	27.35	24.17	24.17	15226819	26.0	002221	东华能源	SZ
1784	7/6/15	26.59	26.59	21.75	26.59	27896620	26.59	002221	东华能源	SZ
1785	7/7/15	26.59	26.59	26.59	26.59	0	26.59	002221	东华能源	SZ
1786	7/8/15	26.59	26.59	26.59	26.59	0	26.59	002221	东华能源	SZ
1787	7/9/15	26.59	26.59	26.59	26.59	0	26.59	002221	东华能源	SZ
1788	7/10/15	26.59	26.59	26.59	26.59	0	26.59	002221	东华能源	SZ
1789	7/13/15	26.59	26.59	26.59	26.59	0	26.59	002221	东华能源	SZ
1790	7/14/15	26.59	26.59	26.59	26.59	0	26.59	002221	东华能源	SZ
1791	7/15/15	29.25	29.25	29.25	29.25	801637	29.25	002221	东华能源	SZ
1792	7/16/15	29.25	31.58	26.33	30.77	17438952	29.25	002221	东华能源	SZ
1793	7/17/15	30.68	33.6	30.0	33.57	8585158	30.68	002221	东华能源	SZ
1794	7/20/15	34.01	36.92	34.01	35.07	14731394	34.01	002221	东华能源	SZ
1795	7/21/15	34.3	37.5	34.21	37.5	10570621	34.3	002221	东华能源	SZ
1796	7/22/15	37.9	39.6	36.77	38.0	12588008	37.9	002221	东华能源	SZ
1797	7/23/15	37.9	38.83	36.84	37.9	9450995	37.9	002221	东华能源	SZ
1798	7/24/15	38.02	38.4	35.5	35.96	8839017	38.02	002221	东华能源	SZ
1799	7/27/15	34.38	38.58	32.36	34.01	14139423	34.38	002221	东华能源	SZ
1800	7/28/15	33.43	35.68	32.01	34.18	18551156	33.43	002221	东华能源	SZ
1801	7/29/15	34.98	36.2	33.9	36.2	7498649	34.98	002221	东华能源	SZ
1802	7/30/15	36.4	36.98	34.0	34.3	8374245	36.4	002221	东华能源	SZ
1803	7/31/15	33.79	34.59	33.61	34.54	8860635	33.79	002221	东华能源	SZ
1804	8/3/15	33.4	34.55	32.99	34.17	7902369	33.4	002221	东华能源	SZ
1805	8/4/15	34.28	37.59	33.7	37.59	8944588	34.28	002221	东华能源	SZ
1806	8/5/15	37.59	38.3	36.3	36.5	5787423	37.59	002221	东华能源	SZ
1807	8/6/15	35.6	36.86	35.45	36.3	3147152	35.6	002221	东华能源	SZ
1808	8/7/15	36.9	37.5	36.3	36.82	5602263	36.9	002221	东华能源	SZ
1809	8/10/15	37.52	40.0	36.8	39.45	10423920	37.52	002221	东华能源	SZ
1810	8/11/15	39.89	40.6	39.01	39.11	6077499	39.89	002221	东华能源	SZ
1811	8/12/15	38.92	39.91	37.81	37.99	9338644	38.92	002221	东华能源	SZ
1812	8/13/15	37.98	38.57	37.01	38.48	6178839	37.98	002221	东华能源	SZ
1813	8/14/15	38.6	39.5	38.1	39.2	5441504	38.6	002221	东华能源	SZ
1814	8/17/15	39.2	39.45	38.3	39.12	6278044	39.2	002221	东华能源	SZ
1815	8/18/15	39.11	39.74	35.21	35.21	12084594	39.11	002221	东华能源	SZ
1816	8/19/15	34.21	35.15	31.99	34.85	8392276	34.21	002221	东华能源	SZ
1817	8/20/15	34.47	34.75	32.4	32.5	5394745	34.47	002221	东华能源	SZ
1818	8/21/15	31.5	32.4	29.25	29.25	10050477	31.5	002221	东华能源	SZ
1819	8/24/15	26.41	28.65	26.33	26.33	3947400	26.41	002221	东华能源	SZ
1820	8/25/15	23.7	24.5	23.7	23.7	11559805	23.7	002221	东华能源	SZ
1821	8/26/15	23.69	24.33	21.33	21.33	16818636	23.69	002221	东华能源	SZ
1822	8/27/15	22.15	22.8	20.22	22.1	10278622	22.15	002221	东华能源	SZ
1823	8/28/15	22.99	24.2	22.5	24.18	13196524	22.99	002221	东华能源	SZ
1824	8/31/15	24.0	24.0	21.76	21.76	6872864	24.0	002221	东华能源	SZ
1825	9/1/15	21.56	21.73	19.83	21.1	9930024	21.56	002221	东华能源	SZ
1826	9/2/15	19.18	21.6	19.15	20.99	9434703	19.18	002221	东华能源	SZ
1827	9/7/15	21.2	23.02	21.2	22.95	7932276	21.2	002221	东华能源	SZ
1828	9/8/15	22.96	25.25	22.1	25.25	7222579	22.96	002221	东华能源	SZ
1829	9/9/15	25.71	27.5	24.96	25.32	8998100	25.71	002221	东华能源	SZ
1830	9/10/15	24.97	26.39	24.52	25.65	5085021	24.97	002221	东华能源	SZ
1831	9/11/15	26.07	26.18	25.5	26.0	5238394	26.07	002221	东华能源	SZ
1832	9/14/15	26.0	26.55	23.4	23.4	6012703	26.0	002221	东华能源	SZ
1833	9/15/15	22.41	22.9	21.4	21.98	6122057	22.41	002221	东华能源	SZ
1834	9/16/15	22.41	24.18	21.96	24.15	6680200	22.41	002221	东华能源	SZ
1835	9/17/15	24.38	24.98	23.55	23.72	5406596	24.38	002221	东华能源	SZ
1836	9/18/15	23.72	24.4	23.5	24.04	4074521	23.72	002221	东华能源	SZ
1837	9/21/15	23.66	25.5	23.66	25.42	3835234	23.66	002221	东华能源	SZ
1838	9/22/15	25.52	26.33	25.1	25.2	3701707	25.52	002221	东华能源	SZ
1839	9/23/15	25.07	25.68	24.75	25.36	3358337	25.07	002221	东华能源	SZ
1840	9/24/15	25.51	25.9	25.17	25.41	1821664	25.51	002221	东华能源	SZ
1841	9/25/15	25.41	25.6	23.61	24.36	2757809	25.41	002221	东华能源	SZ
1842	9/28/15	24.45	25.0	23.7	24.56	1696183	24.45	002221	东华能源	SZ
1843	9/29/15	24.39	24.46	23.9	24.41	1507160	24.39	002221	东华能源	SZ
1844	9/30/15	24.55	25.0	24.1	24.71	1623066	24.55	002221	东华能源	SZ
1845	10/8/15	25.61	27.15	25.61	26.4	4368139	25.61	002221	东华能源	SZ
1846	10/9/15	26.42	26.95	26.1	26.91	3221707	26.42	002221	东华能源	SZ
1847	10/12/15	27.0	29.2	26.99	29.06	5214261	27.0	002221	东华能源	SZ
1848	10/13/15	28.66	29.58	28.2	29.47	4116072	28.66	002221	东华能源	SZ
1849	10/14/15	28.78	29.38	28.6	28.8	2991054	28.78	002221	东华能源	SZ
1850	10/15/15	28.4	29.27	28.4	29.0	4133743	28.4	002221	东华能源	SZ
1851	10/16/15	29.02	29.68	27.51	28.48	8282436	29.02	002221	东华能源	SZ
1852	10/19/15	28.5	28.76	26.96	27.3	8931975	28.5	002221	东华能源	SZ
1853	10/20/15	27.33	28.06	27.13	27.77	5496855	27.33	002221	东华能源	SZ
1854	10/21/15	27.7	28.1	24.99	25.32	9241979	27.7	002221	东华能源	SZ
1855	10/22/15	25.23	26.07	25.0	26.03	4789351	25.23	002221	东华能源	SZ
1856	10/23/15	26.03	27.3	25.77	26.81	4041109	26.03	002221	东华能源	SZ
1857	10/26/15	27.05	27.55	26.74	27.2	4805667	27.05	002221	东华能源	SZ
1858	10/27/15	27.01	27.08	25.52	26.85	4637450	27.01	002221	东华能源	SZ
1859	10/28/15	26.81	26.81	26.0	26.2	3401953	26.81	002221	东华能源	SZ
1860	10/29/15	26.1	27.15	26.1	27.1	3223039	26.1	002221	东华能源	SZ
1861	10/30/15	27.4	28.6	27.13	27.74	6794237	27.4	002221	东华能源	SZ
1862	11/2/15	27.59	27.99	26.66	27.07	3650148	27.59	002221	东华能源	SZ
1863	11/3/15	26.86	27.99	26.86	27.1	2647836	26.86	002221	东华能源	SZ
1864	11/4/15	27.17	28.29	27.17	27.92	6017156	27.17	002221	东华能源	SZ
1865	11/5/15	28.29	28.68	27.65	27.92	7388718	28.29	002221	东华能源	SZ
1866	11/6/15	27.92	28.59	27.66	28.0	6276131	27.92	002221	东华能源	SZ
1867	11/9/15	27.92	30.8	27.8	30.8	16114412	27.92	002221	东华能源	SZ
1868	11/10/15	30.69	32.66	30.38	31.45	17994846	30.69	002221	东华能源	SZ
1869	11/11/15	31.16	32.3	30.45	31.77	12819069	31.16	002221	东华能源	SZ
1870	11/12/15	31.78	32.29	31.21	31.55	9824463	31.78	002221	东华能源	SZ
1871	11/13/15	31.24	33.44	31.01	31.7	11538094	31.24	002221	东华能源	SZ
1872	11/16/15	31.01	31.72	30.45	31.72	6978189	31.01	002221	东华能源	SZ
1873	11/17/15	32.04	32.5	29.99	30.92	18999876	32.04	002221	东华能源	SZ
1874	11/18/15	30.35	30.7	28.9	29.25	9488947	30.35	002221	东华能源	SZ
1875	11/19/15	29.5	29.67	28.5	29.55	9318330	29.5	002221	东华能源	SZ
1876	11/20/15	29.6	29.77	28.95	29.27	9450956	29.6	002221	东华能源	SZ
1877	11/23/15	29.0	29.65	28.91	29.24	7607285	29.0	002221	东华能源	SZ
1878	11/24/15	29.29	31.0	29.1	30.24	9276103	29.29	002221	东华能源	SZ
1879	11/25/15	30.7	31.39	30.45	30.77	13999380	30.7	002221	东华能源	SZ
1880	11/26/15	31.04	31.3	30.22	30.53	9526666	31.04	002221	东华能源	SZ
1881	11/27/15	30.5	30.5	27.48	27.52	12403239	30.5	002221	东华能源	SZ
1882	11/30/15	27.65	27.99	24.77	25.91	10696245	27.65	002221	东华能源	SZ
1883	12/1/15	25.88	26.5	25.26	25.84	6665054	25.88	002221	东华能源	SZ
1884	12/2/15	25.85	25.92	23.51	24.6	5819420	25.85	002221	东华能源	SZ
1885	12/3/15	24.9	26.26	24.6	26.06	5462893	24.9	002221	东华能源	SZ
1886	12/4/15	26.11	26.11	25.45	26.0	4381961	26.11	002221	东华能源	SZ
1887	12/7/15	26.01	26.2	25.3	25.6	5943270	26.01	002221	东华能源	SZ
1888	12/8/15	25.6	25.62	24.3	24.63	4870520	25.6	002221	东华能源	SZ
1889	12/9/15	24.48	24.6	23.28	23.6	7518046	24.48	002221	东华能源	SZ
1890	12/10/15	23.5	24.39	23.15	24.05	4905633	23.5	002221	东华能源	SZ
1891	12/11/15	23.9	24.27	23.51	24.1	3766118	23.9	002221	东华能源	SZ
1892	12/14/15	24.0	26.38	23.57	25.98	7907666	24.0	002221	东华能源	SZ
1893	12/15/15	25.8	26.2	25.51	26.19	4654787	25.8	002221	东华能源	SZ
1894	12/16/15	26.18	26.45	25.84	26.28	6097742	26.18	002221	东华能源	SZ
1895	12/17/15	26.0	26.49	25.72	26.31	7036453	26.0	002221	东华能源	SZ
1896	12/18/15	26.05	26.39	25.72	26.04	4513121	26.05	002221	东华能源	SZ
1897	12/21/15	25.72	25.8	25.28	25.58	6477849	25.72	002221	东华能源	SZ
1898	12/22/15	25.7	26.07	25.4	26.0	5992918	25.7	002221	东华能源	SZ
1899	12/23/15	25.55	26.2	25.2	25.38	6621240	25.55	002221	东华能源	SZ
1900	12/24/15	25.32	25.83	23.0	25.56	6916591	25.32	002221	东华能源	SZ
1901	12/25/15	25.58	25.61	25.27	25.28	5216715	25.58	002221	东华能源	SZ
1902	12/28/15	25.59	25.59	24.53	24.6	4481331	25.59	002221	东华能源	SZ
1903	12/29/15	24.6	24.6	23.7	24.0	7235678	24.6	002221	东华能源	SZ
1904	12/30/15	24.17	24.19	23.75	23.9	6290157	24.17	002221	东华能源	SZ
1905	12/31/15	23.98	23.98	22.9	23.38	10382588	23.98	002221	东华能源	SZ
1906	1/4/16	23.3	23.94	22.9	23.76	8003091	23.3	002221	东华能源	SZ
1907	1/5/16	23.4	25.85	22.4	25.81	19969620	23.4	002221	东华能源	SZ
1908	1/6/16	25.8	26.79	25.08	26.5	21887736	25.8	002221	东华能源	SZ
1909	1/7/16	25.88	25.88	23.86	24.76	4452878	25.88	002221	东华能源	SZ
1910	1/8/16	25.53	25.75	22.51	25.56	16166653	25.53	002221	东华能源	SZ
1911	1/11/16	25.01	25.4	23.71	24.0	13469653	25.01	002221	东华能源	SZ
1912	1/12/16	23.71	24.31	21.6	21.99	13308469	23.71	002221	东华能源	SZ
1913	1/13/16	21.5	21.55	19.79	19.92	13489174	21.5	002221	东华能源	SZ
1914	1/14/16	19.5	20.9	18.54	20.47	8637110	19.5	002221	东华能源	SZ
1915	1/15/16	20.0	20.49	18.7	19.0	6961037	20.0	002221	东华能源	SZ
1916	1/18/16	18.76	19.85	18.0	19.37	5467019	18.76	002221	东华能源	SZ
1917	1/19/16	19.47	19.95	19.3	19.84	8409441	19.47	002221	东华能源	SZ
1918	1/20/16	19.9	20.4	19.51	19.77	6658749	19.9	002221	东华能源	SZ
1919	1/21/16	19.46	19.67	18.7	19.1	5214476	19.46	002221	东华能源	SZ
1920	1/22/16	19.11	19.39	18.43	19.16	4961622	19.11	002221	东华能源	SZ
1921	1/25/16	19.35	20.34	19.33	20.1	9449532	19.35	002221	东华能源	SZ
1922	1/26/16	19.78	20.27	18.87	19.58	9399065	19.78	002221	东华能源	SZ
1923	1/27/16	19.35	19.55	17.93	19.5	9375068	19.35	002221	东华能源	SZ
1924	1/28/16	19.0	19.3	17.55	18.21	6390305	19.0	002221	东华能源	SZ
1925	1/29/16	18.19	19.0	17.82	18.73	8693535	18.19	002221	东华能源	SZ
1926	2/1/16	18.58	18.62	17.49	17.6	5110336	18.58	002221	东华能源	SZ
1927	2/2/16	17.97	18.2	17.64	18.05	3861075	17.97	002221	东华能源	SZ
1928	2/3/16	17.81	17.99	17.19	17.93	3649896	17.81	002221	东华能源	SZ
1929	2/4/16	17.94	18.69	17.94	18.34	4697547	17.94	002221	东华能源	SZ
1930	2/5/16	18.5	18.67	18.21	18.22	3342585	18.5	002221	东华能源	SZ
1931	2/15/16	17.97	18.77	17.28	18.63	4310191	17.97	002221	东华能源	SZ
1932	2/16/16	18.76	19.6	18.74	19.37	5514930	18.76	002221	东华能源	SZ
1933	2/17/16	19.35	19.92	19.21	19.68	4355832	19.35	002221	东华能源	SZ
1934	2/18/16	19.88	20.6	19.85	19.96	8054215	19.88	002221	东华能源	SZ
1935	2/19/16	19.95	20.31	19.6	20.29	8005865	19.95	002221	东华能源	SZ
1936	2/22/16	20.43	22.25	20.43	22.17	14656038	20.43	002221	东华能源	SZ
1937	2/23/16	22.1	22.83	21.63	22.53	12703194	22.1	002221	东华能源	SZ
1938	2/24/16	22.1	22.65	21.0	22.53	10938781	22.1	002221	东华能源	SZ
1939	2/25/16	22.6	22.6	20.28	20.35	8521465	22.6	002221	东华能源	SZ
1940	2/26/16	20.41	20.97	19.41	20.16	5326216	20.41	002221	东华能源	SZ
1941	2/29/16	20.98	20.98	18.54	18.75	7914666	20.98	002221	东华能源	SZ
1942	3/1/16	18.81	18.94	17.65	18.75	7996879	18.81	002221	东华能源	SZ
1943	3/2/16	18.6	19.92	18.5	19.78	5793220	18.6	002221	东华能源	SZ
1944	3/3/16	19.99	20.85	19.78	20.66	11583025	19.99	002221	东华能源	SZ
1945	3/4/16	20.38	21.31	20.2	20.9	12723823	20.38	002221	东华能源	SZ
1946	3/7/16	21.26	22.22	21.26	21.57	7494071	21.26	002221	东华能源	SZ
1947	3/8/16	22.1	22.19	20.9	21.57	8946831	22.1	002221	东华能源	SZ
1948	3/9/16	21.2	21.2	20.38	20.54	5316219	21.2	002221	东华能源	SZ
1949	3/10/16	20.5	20.87	19.88	20.09	3426195	20.5	002221	东华能源	SZ
1950	3/11/16	20.12	21.85	19.8	21.22	10069932	20.12	002221	东华能源	SZ
1951	3/14/16	21.7	22.5	21.7	22.28	11385379	21.7	002221	东华能源	SZ
1952	3/15/16	22.06	22.4	21.03	21.15	8003828	22.06	002221	东华能源	SZ
1953	3/16/16	21.1	21.35	20.5	20.77	5668909	21.1	002221	东华能源	SZ
1954	3/17/16	20.9	22.85	20.9	22.85	24829744	20.9	002221	东华能源	SZ
1955	3/18/16	23.25	24.8	23.02	24.02	33163909	23.25	002221	东华能源	SZ
1956	3/21/16	24.46	25.19	23.82	24.72	20988221	24.46	002221	东华能源	SZ
1957	3/22/16	24.4	24.59	23.85	24.33	14770055	24.4	002221	东华能源	SZ
1958	3/23/16	24.28	25.62	24.01	25.04	14074185	24.28	002221	东华能源	SZ
1959	3/24/16	24.48	24.8	24.0	24.06	11791167	24.48	002221	东华能源	SZ
1960	3/25/16	24.0	24.35	23.99	24.22	6060552	24.0	002221	东华能源	SZ
1961	3/28/16	24.35	25.45	23.01	23.27	30146674	24.35	002221	东华能源	SZ
1962	3/29/16	22.99	23.05	22.23	22.35	16928316	22.99	002221	东华能源	SZ
1963	3/30/16	22.51	23.5	22.51	23.39	12568257	22.51	002221	东华能源	SZ
1964	3/31/16	23.4	23.79	23.26	23.46	11510525	23.4	002221	东华能源	SZ
1965	4/1/16	23.45	23.55	22.78	23.21	10445941	23.45	002221	东华能源	SZ
1966	4/5/16	23.2	23.75	22.8	23.7	12263706	23.2	002221	东华能源	SZ
1967	4/6/16	23.77	25.2	23.63	24.6	16499835	23.77	002221	东华能源	SZ
1968	4/7/16	24.57	25.32	24.11	24.26	16542144	24.57	002221	东华能源	SZ
1969	4/8/16	24.22	24.8	23.8	24.67	14111724	24.22	002221	东华能源	SZ
1970	4/11/16	25.07	25.4	24.78	24.98	11141980	25.07	002221	东华能源	SZ
1971	4/12/16	24.77	25.08	24.0	24.62	8464234	24.77	002221	东华能源	SZ
1972	4/13/16	25.0	25.36	24.81	24.83	15525327	25.0	002221	东华能源	SZ
1973	4/14/16	25.45	26.12	25.36	25.51	18460102	25.45	002221	东华能源	SZ
1974	4/15/16	25.95	25.95	25.2	25.54	11326960	25.95	002221	东华能源	SZ
1975	4/18/16	25.54	25.54	24.35	24.66	12324623	25.54	002221	东华能源	SZ
1976	4/19/16	24.83	24.92	24.41	24.65	8935486	24.83	002221	东华能源	SZ
1977	4/20/16	24.73	24.79	23.01	23.3	12310045	24.73	002221	东华能源	SZ
1978	4/21/16	23.48	23.71	22.81	22.9	7034947	23.48	002221	东华能源	SZ
1979	4/22/16	22.99	23.17	22.66	23.1	5231892	22.99	002221	东华能源	SZ
1980	4/25/16	23.1	23.1	22.5	22.71	6467442	23.1	002221	东华能源	SZ
1981	4/26/16	22.55	23.1	22.53	23.0	5804028	22.55	002221	东华能源	SZ
1982	4/27/16	23.19	23.29	22.8	22.82	4701809	23.19	002221	东华能源	SZ
1983	4/28/16	22.94	22.98	22.18	22.79	5954333	22.94	002221	东华能源	SZ
1984	4/29/16	22.65	22.98	22.6	22.67	4628175	22.65	002221	东华能源	SZ
1985	5/3/16	22.81	23.59	22.65	23.52	8856493	22.81	002221	东华能源	SZ
1986	5/4/16	23.19	23.49	23.09	23.15	6789928	23.19	002221	东华能源	SZ
1987	5/5/16	23.06	23.34	22.98	23.31	4804833	23.06	002221	东华能源	SZ
1988	5/6/16	23.28	23.54	22.19	22.19	9399160	23.28	002221	东华能源	SZ
1989	5/9/16	22.1	22.11	20.62	20.78	7270975	22.1	002221	东华能源	SZ
1990	5/10/16	20.63	20.98	20.31	20.39	4897644	20.63	002221	东华能源	SZ
1991	5/11/16	20.31	20.67	20.0	20.21	6435091	20.31	002221	东华能源	SZ
1992	5/12/16	20.0	20.59	19.33	20.44	5542573	20.0	002221	东华能源	SZ
1993	5/13/16	20.21	20.61	19.96	20.13	5282196	20.21	002221	东华能源	SZ
1994	5/16/16	19.99	20.5	19.7	20.49	4437419	19.99	002221	东华能源	SZ
1995	5/17/16	20.49	21.23	20.4	20.74	6221876	20.49	002221	东华能源	SZ
1996	5/18/16	20.75	20.76	20.0	20.01	4776524	20.75	002221	东华能源	SZ
1997	5/19/16	10.0	10.36	9.71	9.98	7755558	10.0	002221	东华能源	SZ
1998	5/20/16	9.95	10.16	9.76	10.15	7353092	9.95	002221	东华能源	SZ
1999	5/23/16	10.14	10.34	10.0	10.07	8693573	10.14	002221	东华能源	SZ
2000	5/24/16	10.08	10.1	9.81	9.89	7415973	10.08	002221	东华能源	SZ
2001	5/25/16	10.0	10.14	9.82	9.83	6365890	10.0	002221	东华能源	SZ
2002	5/26/16	9.83	9.91	9.24	9.49	14498116	9.83	002221	东华能源	SZ
2003	5/27/16	9.4	9.6	9.23	9.26	11172656	9.4	002221	东华能源	SZ
2004	5/30/16	9.11	9.32	9.04	9.14	10545493	9.11	002221	东华能源	SZ
2005	5/31/16	9.2	9.78	9.17	9.73	16703748	9.2	002221	东华能源	SZ
2006	6/1/16	9.77	10.25	9.73	10.16	18676199	9.77	002221	东华能源	SZ
2007	6/2/16	10.15	10.26	10.03	10.12	10982573	10.15	002221	东华能源	SZ
2008	6/3/16	10.18	10.26	9.98	10.13	10628993	10.18	002221	东华能源	SZ
2009	6/6/16	10.18	10.25	9.96	10.04	10362020	10.18	002221	东华能源	SZ
2010	6/7/16	10.07	10.13	9.87	9.9	11716629	10.07	002221	东华能源	SZ
2011	6/8/16	9.95	10.08	9.85	10.0	8458522	9.95	002221	东华能源	SZ
2012	6/13/16	9.9	9.98	9.55	9.55	10711104	9.9	002221	东华能源	SZ
2013	6/14/16	9.39	9.65	9.35	9.56	7759514	9.39	002221	东华能源	SZ
2014	6/15/16	9.39	9.94	9.39	9.83	8654630	9.39	002221	东华能源	SZ
2015	6/16/16	9.78	9.91	9.64	9.69	7721916	9.78	002221	东华能源	SZ
2016	6/17/16	9.7	10.1	9.7	9.89	12129142	9.7	002221	东华能源	SZ
2017	6/20/16	9.99	10.8	9.92	10.71	23006613	9.99	002221	东华能源	SZ
2018	6/21/16	10.79	11.04	10.4	10.5	21206642	10.79	002221	东华能源	SZ
2019	6/22/16	10.4	11.06	10.4	10.98	20955587	10.4	002221	东华能源	SZ
2020	6/23/16	10.98	11.12	10.75	10.85	13627831	10.98	002221	东华能源	SZ
2021	6/24/16	10.84	11.04	10.0	10.77	16690569	10.84	002221	东华能源	SZ
2022	6/27/16	10.75	10.97	10.71	10.94	10452086	10.75	002221	东华能源	SZ
2023	6/28/16	11.25	11.75	11.01	11.5	27056416	11.25	002221	东华能源	SZ
2024	6/29/16	12.03	12.3	11.61	11.67	31256317	12.03	002221	东华能源	SZ
2025	6/30/16	11.8	12.35	11.79	12.19	28094197	11.8	002221	东华能源	SZ
2026	7/1/16	12.2	12.68	12.03	12.07	25782069	12.2	002221	东华能源	SZ
2027	7/4/16	12.0	13.1	11.91	12.95	43589647	12.0	002221	东华能源	SZ
2028	7/5/16	12.81	13.61	12.81	13.38	35925764	12.81	002221	东华能源	SZ
2029	7/6/16	13.35	13.37	12.92	13.12	24800768	13.35	002221	东华能源	SZ
2030	7/7/16	13.15	13.38	12.89	13.22	20093484	13.15	002221	东华能源	SZ
2031	7/8/16	13.3	13.4	12.85	12.89	16193203	13.3	002221	东华能源	SZ
2032	7/11/16	12.8	13.0	12.69	12.72	16658579	12.8	002221	东华能源	SZ
2033	7/12/16	12.71	12.85	12.2	12.61	24896202	12.71	002221	东华能源	SZ
2034	7/13/16	12.8	12.95	12.42	12.6	18754442	12.8	002221	东华能源	SZ
2035	7/14/16	12.6	12.84	12.48	12.72	10335519	12.6	002221	东华能源	SZ
2036	7/15/16	12.8	12.85	12.41	12.43	16061483	12.8	002221	东华能源	SZ
2037	7/18/16	12.5	12.53	12.31	12.35	14723820	12.5	002221	东华能源	SZ
2038	7/19/16	12.28	12.5	12.28	12.49	16256946	12.28	002221	东华能源	SZ
2039	7/20/16	12.5	12.71	12.36	12.5	11928583	12.5	002221	东华能源	SZ
2040	7/21/16	12.54	12.68	12.43	12.55	13659631	12.54	002221	东华能源	SZ
2041	7/22/16	12.49	12.6	12.35	12.41	10352762	12.49	002221	东华能源	SZ
2042	7/25/16	12.4	12.46	12.01	12.2	10983831	12.4	002221	东华能源	SZ
2043	7/26/16	12.22	12.62	12.22	12.62	13057614	12.22	002221	东华能源	SZ
2044	7/27/16	12.64	12.76	12.01	12.32	24583250	12.64	002221	东华能源	SZ
2045	7/28/16	12.36	12.4	12.07	12.28	9971800	12.36	002221	东华能源	SZ
2046	7/29/16	12.33	12.42	12.2	12.22	5278569	12.33	002221	东华能源	SZ
2047	8/1/16	12.14	12.24	11.7	11.88	9484803	12.14	002221	东华能源	SZ
2048	8/2/16	11.79	12.09	11.79	12.01	5420650	11.79	002221	东华能源	SZ
2049	8/3/16	12.02	12.33	11.9	12.19	7971920	12.02	002221	东华能源	SZ
2050	8/4/16	12.19	12.3	12.08	12.12	6647372	12.19	002221	东华能源	SZ
2051	8/5/16	12.17	12.37	12.12	12.18	6733298	12.17	002221	东华能源	SZ
2052	8/8/16	12.27	12.46	12.14	12.42	6746648	12.27	002221	东华能源	SZ
2053	8/9/16	12.5	13.0	12.35	12.99	19444729	12.5	002221	东华能源	SZ
2054	8/10/16	12.98	13.17	12.69	12.81	12729588	12.98	002221	东华能源	SZ
2055	8/11/16	12.8	12.88	12.59	12.73	8593054	12.8	002221	东华能源	SZ
2056	8/12/16	12.73	12.8	12.6	12.72	4794018	12.73	002221	东华能源	SZ
2057	8/15/16	12.75	13.03	12.59	12.86	13640848	12.75	002221	东华能源	SZ
2058	8/16/16	12.91	12.96	12.65	12.72	11035820	12.91	002221	东华能源	SZ
2059	8/17/16	12.7	12.81	12.5	12.61	9721596	12.7	002221	东华能源	SZ
2060	8/18/16	12.65	12.82	12.51	12.61	7155549	12.65	002221	东华能源	SZ
2061	8/19/16	12.62	13.1	12.62	12.91	16700646	12.62	002221	东华能源	SZ
2062	8/22/16	13.0	13.04	12.78	12.8	8372937	13.0	002221	东华能源	SZ
2063	8/23/16	12.8	13.15	12.74	13.1	14788666	12.8	002221	东华能源	SZ
2064	8/24/16	13.19	13.19	12.82	12.94	12225437	13.19	002221	东华能源	SZ
2065	8/25/16	12.94	12.95	12.63	12.7	9292369	12.94	002221	东华能源	SZ
2066	8/26/16	12.69	12.91	12.67	12.78	8552322	12.69	002221	东华能源	SZ
2067	8/29/16	12.75	13.27	12.72	12.92	15260025	12.75	002221	东华能源	SZ
2068	8/30/16	12.92	13.1	12.85	12.95	9881197	12.92	002221	东华能源	SZ
2069	8/31/16	12.91	13.08	12.8	13.04	9237723	12.91	002221	东华能源	SZ
2070	9/1/16	13.01	13.12	12.91	12.94	6600323	13.01	002221	东华能源	SZ
2071	9/2/16	12.99	13.08	12.9	12.92	5800658	12.99	002221	东华能源	SZ
2072	9/5/16	12.95	13.31	12.92	13.27	14351089	12.95	002221	东华能源	SZ
2073	9/6/16	13.28	13.97	13.2	13.87	28937252	13.28	002221	东华能源	SZ
2074	9/7/16	13.92	14.51	13.73	14.23	33522798	13.92	002221	东华能源	SZ
2075	9/8/16	14.25	14.57	13.81	14.0	30924131	14.25	002221	东华能源	SZ
2076	9/9/16	14.27	14.31	13.85	13.89	12737712	14.27	002221	东华能源	SZ
2077	9/12/16	13.7	14.09	13.56	13.56	16168955	13.7	002221	东华能源	SZ
2078	9/13/16	13.7	13.86	13.43	13.82	10529171	13.7	002221	东华能源	SZ
2079	9/14/16	13.5	13.98	13.45	13.7	13287349	13.5	002221	东华能源	SZ
2080	9/19/16	13.7	13.88	13.53	13.62	11788757	13.7	002221	东华能源	SZ
2081	9/20/16	13.62	13.7	13.23	13.33	14370816	13.62	002221	东华能源	SZ
2082	9/21/16	13.38	13.47	13.2	13.41	9425213	13.38	002221	东华能源	SZ
2083	9/22/16	13.46	13.63	13.4	13.44	7486949	13.46	002221	东华能源	SZ
2084	9/23/16	13.51	14.12	13.51	13.8	17048182	13.51	002221	东华能源	SZ
2085	9/26/16	13.8	14.24	13.8	13.85	17907550	13.8	002221	东华能源	SZ
2086	9/27/16	13.85	14.0	13.46	13.66	13132050	13.85	002221	东华能源	SZ
2087	9/28/16	14.1	14.52	13.9	13.98	18367954	14.1	002221	东华能源	SZ
2088	9/29/16	14.03	14.77	14.03	14.61	26349114	14.03	002221	东华能源	SZ
2089	9/30/16	14.6	15.4	14.35	15.12	26922863	14.6	002221	东华能源	SZ
2090	10/10/16	15.32	15.75	15.12	15.26	28548627	15.32	002221	东华能源	SZ
2091	10/11/16	15.37	15.64	15.03	15.14	22329425	15.37	002221	东华能源	SZ
2092	10/12/16	15.06	15.65	14.86	15.59	21459538	15.06	002221	东华能源	SZ
2093	10/13/16	15.5	15.84	15.1	15.12	19341334	15.5	002221	东华能源	SZ
2094	10/14/16	15.06	15.18	14.7	14.88	17120310	15.06	002221	东华能源	SZ
2095	10/17/16	14.96	15.06	14.66	14.81	10826767	14.96	002221	东华能源	SZ
2096	10/18/16	14.81	15.05	14.6	14.93	14881391	14.81	002221	东华能源	SZ
2097	10/19/16	14.97	15.28	14.73	15.23	14884872	14.97	002221	东华能源	SZ
2098	10/20/16	15.19	15.25	14.89	14.95	14174018	15.19	002221	东华能源	SZ
2099	10/21/16	15.01	15.06	14.69	14.79	7382676	15.01	002221	东华能源	SZ
2100	10/24/16	14.73	15.16	14.71	14.96	11686793	14.73	002221	东华能源	SZ
2101	10/25/16	14.93	15.08	14.76	14.84	9812669	14.93	002221	东华能源	SZ
2102	10/26/16	14.88	14.95	14.72	14.81	7760685	14.88	002221	东华能源	SZ
2103	10/27/16	13.7	14.07	13.33	13.43	66643827	13.7	002221	东华能源	SZ
2104	10/28/16	13.37	13.59	13.12	13.26	27037797	13.37	002221	东华能源	SZ
2105	10/31/16	13.26	13.35	13.01	13.21	13628102	13.26	002221	东华能源	SZ
2106	11/1/16	13.23	13.53	13.23	13.42	11212552	13.23	002221	东华能源	SZ
2107	11/2/16	13.42	13.45	13.22	13.27	8259185	13.42	002221	东华能源	SZ
2108	11/3/16	13.27	13.41	13.18	13.34	8986176	13.27	002221	东华能源	SZ
2109	11/4/16	13.35	13.42	12.99	13.01	15519344	13.35	002221	东华能源	SZ
2110	11/7/16	13.05	13.15	12.83	13.08	8192813	13.05	002221	东华能源	SZ
2111	11/8/16	13.15	13.18	13.01	13.08	6510787	13.15	002221	东华能源	SZ
2112	11/9/16	13.07	13.18	12.85	13.05	8769203	13.07	002221	东华能源	SZ
2113	11/10/16	13.11	13.38	13.11	13.17	7199101	13.11	002221	东华能源	SZ
2114	11/11/16	13.2	13.57	13.08	13.48	15846772	13.2	002221	东华能源	SZ
2115	11/14/16	13.48	13.64	13.39	13.5	9674177	13.48	002221	东华能源	SZ
2116	11/15/16	13.49	13.6	13.34	13.39	7239008	13.49	002221	东华能源	SZ
2117	11/16/16	13.42	13.52	13.14	13.15	11666610	13.42	002221	东华能源	SZ
2118	11/17/16	13.13	13.23	12.88	13.17	14588260	13.13	002221	东华能源	SZ
2119	11/18/16	13.13	13.21	12.98	13.05	7820216	13.13	002221	东华能源	SZ
2120	11/21/16	13.11	13.35	13.06	13.24	9515120	13.11	002221	东华能源	SZ
2121	11/22/16	13.28	13.62	13.28	13.53	12815699	13.28	002221	东华能源	SZ
2122	11/23/16	13.59	13.6	13.3	13.35	5803030	13.59	002221	东华能源	SZ
2123	11/24/16	13.38	13.49	13.18	13.27	6313163	13.38	002221	东华能源	SZ
2124	11/25/16	13.27	13.36	13.09	13.22	8545769	13.27	002221	东华能源	SZ
2125	11/28/16	13.29	13.36	13.11	13.35	8869395	13.29	002221	东华能源	SZ
2126	11/29/16	13.33	13.35	13.19	13.2	7229439	13.33	002221	东华能源	SZ
2127	11/30/16	13.25	13.25	13.03	13.13	12512872	13.25	002221	东华能源	SZ
2128	12/1/16	13.25	13.42	13.2	13.2	8759399	13.25	002221	东华能源	SZ
2129	12/2/16	13.22	13.27	12.97	12.99	9122468	13.22	002221	东华能源	SZ
2130	12/5/16	12.89	13.1	12.82	12.9	7811464	12.89	002221	东华能源	SZ
2131	12/6/16	12.9	13.05	12.8	12.9	4680163	12.9	002221	东华能源	SZ
2132	12/7/16	12.95	12.96	12.81	12.9	9612645	12.95	002221	东华能源	SZ
2133	12/8/16	12.88	13.15	12.88	13.05	8122665	12.88	002221	东华能源	SZ
2134	12/9/16	13.11	13.14	12.87	12.89	6264555	13.11	002221	东华能源	SZ
2135	12/12/16	12.86	12.96	12.1	12.15	17352669	12.86	002221	东华能源	SZ
2136	12/13/16	12.15	12.24	11.81	12.17	11458792	12.15	002221	东华能源	SZ
2137	12/14/16	12.16	12.75	12.06	12.29	15091938	12.16	002221	东华能源	SZ
2138	12/15/16	12.18	12.57	12.11	12.32	4764427	12.18	002221	东华能源	SZ
2139	12/16/16	12.32	12.53	12.3	12.45	4625691	12.32	002221	东华能源	SZ
2140	12/19/16	12.45	12.45	12.2	12.3	5365766	12.45	002221	东华能源	SZ
2141	12/20/16	12.25	12.34	12.19	12.24	3819047	12.25	002221	东华能源	SZ
2142	12/21/16	12.25	12.58	12.24	12.57	8620390	12.25	002221	东华能源	SZ
2143	12/22/16	12.57	12.57	12.42	12.48	4000926	12.57	002221	东华能源	SZ
2144	12/23/16	12.4	12.49	12.09	12.22	6284071	12.4	002221	东华能源	SZ
2145	12/26/16	12.15	12.22	11.93	12.21	6449816	12.15	002221	东华能源	SZ
2146	12/27/16	12.16	12.31	12.15	12.22	3481933	12.16	002221	东华能源	SZ
2147	12/28/16	12.22	12.28	11.98	12.03	5626383	12.22	002221	东华能源	SZ
2148	12/29/16	12.04	12.11	11.97	12.02	5347118	12.04	002221	东华能源	SZ
2149	12/30/16	12.09	12.5	11.97	12.39	9095967	12.09	002221	东华能源	SZ
2150	1/3/17	12.33	13.2	12.33	12.86	17288726	12.33	002221	东华能源	SZ
2151	1/4/17	12.9	13.66	12.9	13.45	26774934	12.9	002221	东华能源	SZ
2152	1/5/17	13.49	13.66	13.23	13.43	10602142	13.49	002221	东华能源	SZ
2153	1/6/17	13.32	13.45	13.2	13.25	9368646	13.32	002221	东华能源	SZ
2154	1/9/17	13.25	13.58	13.2	13.4	8713318	13.25	002221	东华能源	SZ
2155	1/10/17	13.46	13.89	13.46	13.6	14015389	13.46	002221	东华能源	SZ
2156	1/11/17	13.55	13.71	13.21	13.4	12192461	13.55	002221	东华能源	SZ
2157	1/12/17	13.47	13.76	13.27	13.29	6416490	13.47	002221	东华能源	SZ
2158	1/13/17	13.36	13.6	13.2	13.31	7892896	13.36	002221	东华能源	SZ
2159	1/16/17	13.36	13.36	12.63	13.12	11563592	13.36	002221	东华能源	SZ
2160	1/17/17	13.0	13.26	13.0	13.24	4303954	13.0	002221	东华能源	SZ
2161	1/18/17	13.28	13.55	13.21	13.49	7977661	13.28	002221	东华能源	SZ
2162	1/19/17	13.42	13.84	13.4	13.66	9058769	13.42	002221	东华能源	SZ
2163	1/20/17	13.6	13.7	13.46	13.46	6773359	13.6	002221	东华能源	SZ
2164	1/23/17	13.46	13.75	13.46	13.67	4572146	13.46	002221	东华能源	SZ
2165	1/24/17	13.67	13.86	13.52	13.75	8307646	13.67	002221	东华能源	SZ
2166	1/25/17	13.6	13.81	13.56	13.62	6175987	13.6	002221	东华能源	SZ
2167	1/26/17	13.7	13.8	13.6	13.61	2593601	13.7	002221	东华能源	SZ
2168	2/3/17	13.6	13.68	13.38	13.43	5216478	13.6	002221	东华能源	SZ
2169	2/6/17	13.48	13.96	13.34	13.95	10495128	13.48	002221	东华能源	SZ
2170	2/7/17	13.93	14.19	13.71	14.03	10641390	13.93	002221	东华能源	SZ
2171	2/8/17	13.98	14.01	13.8	13.92	6810927	13.98	002221	东华能源	SZ
2172	2/9/17	13.93	14.03	13.82	14.01	7914463	13.93	002221	东华能源	SZ
2173	2/10/17	14.01	14.11	13.85	13.86	6877852	14.01	002221	东华能源	SZ
2174	2/13/17	13.72	14.1	13.72	14.1	6957432	13.72	002221	东华能源	SZ
2175	2/14/17	14.16	14.47	14.0	14.3	8360726	14.16	002221	东华能源	SZ
2176	2/15/17	14.3	14.36	13.73	13.79	18990592	14.3	002221	东华能源	SZ
2177	2/16/17	13.83	13.88	13.66	13.8	8148165	13.83	002221	东华能源	SZ
2178	2/17/17	13.8	13.84	13.51	13.6	7759530	13.8	002221	东华能源	SZ
2179	2/20/17	13.5	13.74	13.5	13.71	6807974	13.5	002221	东华能源	SZ
2180	2/21/17	13.71	13.76	13.35	13.47	14567560	13.71	002221	东华能源	SZ
2181	2/22/17	13.45	13.94	13.45	13.94	13785202	13.45	002221	东华能源	SZ
2182	2/23/17	13.9	14.2	13.8	13.92	9586357	13.9	002221	东华能源	SZ
2183	2/24/17	13.92	14.01	13.76	13.85	7170610	13.92	002221	东华能源	SZ
2184	2/27/17	14.18	14.2	13.21	13.36	23084339	14.18	002221	东华能源	SZ
2185	2/28/17	13.29	13.35	13.15	13.3	10036435	13.29	002221	东华能源	SZ
2186	3/1/17	13.24	13.54	13.24	13.38	5596033	13.24	002221	东华能源	SZ
2187	3/2/17	13.39	13.42	13.2	13.27	5902108	13.39	002221	东华能源	SZ
2188	3/3/17	13.26	13.26	13.01	13.2	9061638	13.26	002221	东华能源	SZ
2189	3/6/17	13.24	13.48	13.21	13.43	7731101	13.24	002221	东华能源	SZ
2190	3/7/17	13.47	13.47	13.2	13.36	3645072	13.47	002221	东华能源	SZ
2191	3/8/17	13.36	13.36	13.1	13.25	3649116	13.36	002221	东华能源	SZ
2192	3/9/17	13.25	13.29	12.88	12.9	11844116	13.25	002221	东华能源	SZ
2193	3/10/17	12.98	13.13	12.91	12.98	7041046	12.98	002221	东华能源	SZ
2194	3/13/17	12.96	13.1	12.89	13.06	4981071	12.96	002221	东华能源	SZ
2195	3/14/17	13.08	13.14	12.92	12.94	5125711	13.08	002221	东华能源	SZ
2196	3/15/17	13.0	13.0	12.74	12.78	9363796	13.0	002221	东华能源	SZ
2197	3/16/17	12.83	13.08	12.8	12.88	7910424	12.83	002221	东华能源	SZ
2198	3/17/17	12.88	12.95	12.8	12.82	5369571	12.88	002221	东华能源	SZ
2199	3/20/17	12.82	12.9	12.8	12.88	4508230	12.82	002221	东华能源	SZ
2200	3/21/17	12.88	13.11	12.86	13.1	8731050	12.88	002221	东华能源	SZ
2201	3/22/17	13.05	13.11	12.98	13.03	4974949	13.05	002221	东华能源	SZ
2202	3/23/17	13.03	13.1	12.84	12.89	7434406	13.03	002221	东华能源	SZ
2203	3/24/17	12.91	12.91	12.65	12.7	9948095	12.91	002221	东华能源	SZ
2204	3/27/17	12.7	12.88	12.59	12.71	9314425	12.7	002221	东华能源	SZ
2205	3/28/17	12.75	12.98	12.72	12.93	5532434	12.75	002221	东华能源	SZ
2206	3/29/17	12.96	12.99	12.78	12.87	5267565	12.96	002221	东华能源	SZ
2207	3/30/17	12.85	12.92	12.7	12.73	5948137	12.85	002221	东华能源	SZ
2208	3/31/17	12.72	12.86	12.68	12.83	4083065	12.72	002221	东华能源	SZ
2209	4/5/17	12.96	13.23	12.83	13.22	9993148	12.96	002221	东华能源	SZ
2210	4/6/17	13.21	13.25	13.01	13.07	5396171	13.21	002221	东华能源	SZ
2211	4/7/17	13.07	13.32	12.99	13.28	6780227	13.07	002221	东华能源	SZ
2212	4/10/17	13.28	13.28	12.89	12.96	9016267	13.28	002221	东华能源	SZ
2213	4/11/17	12.93	13.12	12.7	13.02	8878988	12.93	002221	东华能源	SZ
2214	4/12/17	13.02	13.02	12.76	12.78	8402432	13.02	002221	东华能源	SZ
2215	4/13/17	12.76	12.86	12.7	12.83	3759679	12.76	002221	东华能源	SZ
2216	4/14/17	13.0	13.0	12.71	12.81	7697107	13.0	002221	东华能源	SZ
2217	4/17/17	12.72	12.97	12.69	12.79	9787239	12.72	002221	东华能源	SZ
2218	4/18/17	12.8	12.88	12.51	12.66	11759760	12.8	002221	东华能源	SZ
2219	4/19/17	12.58	12.59	12.28	12.45	7288922	12.58	002221	东华能源	SZ
2220	4/20/17	12.46	12.5	12.1	12.29	12667502	12.46	002221	东华能源	SZ
2221	4/21/17	12.3	12.42	12.22	12.33	4133602	12.3	002221	东华能源	SZ
2222	4/24/17	12.31	12.45	12.1	12.23	5239074	12.31	002221	东华能源	SZ
2223	4/25/17	12.28	12.38	12.15	12.19	4444606	12.28	002221	东华能源	SZ
2224	4/26/17	12.19	12.27	11.93	12.0	6805380	12.19	002221	东华能源	SZ
2225	4/27/17	11.95	12.06	11.84	12.04	3648466	11.95	002221	东华能源	SZ
2226	4/28/17	12.04	12.08	11.77	11.92	7892465	12.04	002221	东华能源	SZ
2227	5/2/17	11.95	12.16	11.83	11.96	7743493	11.95	002221	东华能源	SZ
2228	5/3/17	11.96	12.06	11.93	11.99	4559062	11.96	002221	东华能源	SZ
2229	5/4/17	11.99	12.16	11.99	12.09	7409347	11.99	002221	东华能源	SZ
2230	5/5/17	12.1	12.1	11.71	11.84	6199414	12.1	002221	东华能源	SZ
2231	5/8/17	11.85	11.85	11.22	11.25	6203477	11.85	002221	东华能源	SZ
2232	5/9/17	11.21	11.55	11.15	11.39	5731199	11.21	002221	东华能源	SZ
2233	5/10/17	11.5	11.54	10.98	10.98	7509854	11.5	002221	东华能源	SZ
2234	5/11/17	11.01	11.14	10.77	10.99	8598326	11.01	002221	东华能源	SZ
2235	5/12/17	10.95	11.19	10.91	11.03	6079254	10.95	002221	东华能源	SZ
2236	5/15/17	11.01	11.22	11.01	11.09	4376507	11.01	002221	东华能源	SZ
